-- MySQL dump 10.13  Distrib 5.5.41, for debian-linux-gnu (x86_64)
--
-- Host: localhost    Database: rwt
-- ------------------------------------------------------
-- Server version	5.5.41-0ubuntu0.12.04.1

/*!40101 SET @OLD_CHARACTER_SET_CLIENT=@@CHARACTER_SET_CLIENT */;
/*!40101 SET @OLD_CHARACTER_SET_RESULTS=@@CHARACTER_SET_RESULTS */;
/*!40101 SET @OLD_COLLATION_CONNECTION=@@COLLATION_CONNECTION */;
/*!40101 SET NAMES utf8 */;
/*!40103 SET @OLD_TIME_ZONE=@@TIME_ZONE */;
/*!40103 SET TIME_ZONE='+00:00' */;
/*!40014 SET @OLD_UNIQUE_CHECKS=@@UNIQUE_CHECKS, UNIQUE_CHECKS=0 */;
/*!40014 SET @OLD_FOREIGN_KEY_CHECKS=@@FOREIGN_KEY_CHECKS, FOREIGN_KEY_CHECKS=0 */;
/*!40101 SET @OLD_SQL_MODE=@@SQL_MODE, SQL_MODE='NO_AUTO_VALUE_ON_ZERO' */;
/*!40111 SET @OLD_SQL_NOTES=@@SQL_NOTES, SQL_NOTES=0 */;

--
-- Table structure for table `languages`
--

DROP TABLE IF EXISTS `languages`;
/*!40101 SET @saved_cs_client     = @@character_set_client */;
/*!40101 SET character_set_client = utf8 */;
CREATE TABLE `languages` (
  `id` int(10) unsigned NOT NULL AUTO_INCREMENT,
  `friendlyNameNative` varchar(50) NOT NULL,
  `friendlyNameEnglish` varchar(50) NOT NULL,
  `canBeTiny` varchar(50) NOT NULL DEFAULT 'true',
  PRIMARY KEY (`id`),
  UNIQUE KEY `friendlyNameEnglish_unique` (`friendlyNameEnglish`),
  KEY `friendlyNameEnglish` (`friendlyNameEnglish`)
) ENGINE=InnoDB AUTO_INCREMENT=34 DEFAULT CHARSET=utf8;
/*!40101 SET character_set_client = @saved_cs_client */;

--
-- Dumping data for table `languages`
--

LOCK TABLES `languages` WRITE;
/*!40000 ALTER TABLE `languages` DISABLE KEYS */;
INSERT INTO `languages` VALUES (1,'English','English','true'),(2,'Nederlands','Dutch','true'),(3,'Deutsch','German','true'),(4,'Svensk','Swedish','true'),(5,'Français','French','true'),(6,'Norsk','Norwegian','true'),(7,'Suomi','Finnish','true'),(8,'Italiano','Italian','true'),(9,'Español\n','Spanish','true'),(10,'Português','Portuguese','true'),(11,'Polski','Polish','true'),(12,'Русский','Russian','true'),(13,'Slovenčina','Slovak','true'),(14,'čeština','Czech','true'),(15,'Українська','Ukrainian','true'),(30,'日本語','Japanese','true'),(31,'한국어\n','Korean','true'),(32,'繁體中文','ChineseTraditional','true'),(33,'簡體中國','ChineseSimplified','true');
/*!40000 ALTER TABLE `languages` ENABLE KEYS */;
UNLOCK TABLES;

--
-- Table structure for table `origins`
--

DROP TABLE IF EXISTS `origins`;
/*!40101 SET @saved_cs_client     = @@character_set_client */;
/*!40101 SET character_set_client = utf8 */;
CREATE TABLE `origins` (
  `id` int(10) unsigned NOT NULL AUTO_INCREMENT,
  `name` varchar(50) NOT NULL DEFAULT '0',
  PRIMARY KEY (`id`),
  UNIQUE KEY `name` (`name`)
) ENGINE=InnoDB AUTO_INCREMENT=23 DEFAULT CHARSET=utf8;
/*!40101 SET character_set_client = @saved_cs_client */;

--
-- Dumping data for table `origins`
--

LOCK TABLES `origins` WRITE;
/*!40000 ALTER TABLE `origins` DISABLE KEYS */;
INSERT INTO `origins` VALUES (1,'Alerts'),(2,'ConceptDefs'),(3,'Credits'),(4,'Dates'),(5,'Designators'),(7,'DialogsVarious'),(6,'DialogTrees'),(8,'Enums'),(9,'FloatMenu'),(10,'Gameplay'),(11,'GameplayCommands'),(12,'Incidents'),(13,'Letters'),(15,'Menus_Main'),(16,'Menus_Overview'),(14,'Menu_Options'),(17,'Messages'),(18,'Misc'),(19,'PlayInterface'),(20,'Pronouns'),(21,'Skills'),(22,'WorkTags');
/*!40000 ALTER TABLE `origins` ENABLE KEYS */;
UNLOCK TABLES;

--
-- Table structure for table `strings`
--

DROP TABLE IF EXISTS `strings`;
/*!40101 SET @saved_cs_client     = @@character_set_client */;
/*!40101 SET character_set_client = utf8 */;
CREATE TABLE `strings` (
  `id` int(10) unsigned NOT NULL AUTO_INCREMENT,
  `name` varchar(50) NOT NULL,
  `origin_id` int(10) unsigned NOT NULL,
  `string` mediumtext NOT NULL,
  PRIMARY KEY (`id`),
  UNIQUE KEY `name_unique` (`name`),
  KEY `origin_id` (`origin_id`),
  CONSTRAINT `FK_strings_origins` FOREIGN KEY (`origin_id`) REFERENCES `origins` (`id`) ON DELETE CASCADE ON UPDATE CASCADE
) ENGINE=InnoDB AUTO_INCREMENT=1025 DEFAULT CHARSET=utf8;
/*!40101 SET character_set_client = @saved_cs_client */;

--
-- Dumping data for table `strings`
--

LOCK TABLES `strings` WRITE;
/*!40000 ALTER TABLE `strings` DISABLE KEYS */;
INSERT INTO `strings` VALUES (1,'ClickToJumpToProblem',1,'Click to jump to problem'),(2,'AlertNeedStockpile',1,'Need stockpile'),(3,'AlertNeedStockpileDesc',1,'Your colonists need somewhere to store items. Designate a STOCKPILE for them to store things.\n\nFind the stockpile in the ZONES section of the ARCHITECT menu in the lower-left.'),(4,'AlertUnforbidStartingResources',1,'Unforbid resources'),(5,'AlertUnforbidStartingResourcesDesc',1,'Starting resources on the map are FORBIDDEN.\n\nFor colonists to take them, you must UNFORBID them by selecting them and hitting the UNFORBID command at the bottom of the screen.'),(6,'AlertEquipStartingWeapons',1,'Equip weapons'),(7,'AlertEquipStartingWeaponsDesc',1,'Your colonists arrived with some weapons. Equip them!\n\nSelect each colonist and right-click on the weapon you want them to equip.'),(8,'NeedSawmill',1,'Need sawmill'),(9,'NeedSawmillDesc',1,'You need some kind of sawmill to chop logs into more versatile wood planks.\n\nBuild a HAND SAWMILL or an ELECTRIC SAWMILL.'),(10,'EquipStartingEquipment',1,'Take your equipment'),(11,'EquipStartingEquipmentDesc',1,'You landed with some weapons. Take them from your landing site.\n\nTo equip something, select a colonist and right-click the item you want to equip.'),(12,'MentalBreakSoon',1,'Mental break soon'),(13,'MentalBreakSoonDesc',1,'These colonists are approaching the point of having a mental break:\n\n{0}\nImprove these colonists\' psychology soon or bad things will happen.'),(14,'MentalBreakImminent',1,'Mental break imminent'),(15,'MentalBreakImminentDesc',1,'These colonists are critically stressed and may have a mental break at any moment:\n\n{0}'),(16,'ColonistNeedsRescue',1,'Colonist needs rescue'),(17,'ColonistsNeedRescue',1,'Colonists need rescue'),(18,'ColonistsNeedRescueDesc',1,'These colonists are incapacitated on the ground:\n\n{0}\nSend another colonist to rescue them and carry them back to bed.\n\n(To rescue, select another colonist, then right click on the victim and select Rescue.'),(19,'BuildARoom',1,'Build a room'),(20,'BuildARoomDesc',1,'A room is composed of separate wall pieces with a door.\n\nUse the ARCHITECT menu at the bottom left of the screen to designate where you want things built. Once you designate something to be built, your colonists will do the work when they can.'),(21,'NeedGrowingZone',1,'Need growing zone'),(22,'NeedGrowingZoneDesc',1,'You have no growing zones.\n\nPlace a growing zone on fertile soil through the ARCHITECT menu.'),(23,'NeedDefenses',1,'Need defenses'),(24,'NeedDefensesDesc',1,'You\'ve been here some time and have probably been seen. Pirate raids will start soon.\n\nYou should prepare defenses.\n\nBuild some turrets.'),(25,'NeedDoctor',1,'Need doctor'),(26,'NeedDoctorDesc',1,'These colonists need medical care, but you have no healthy colonists assigned as doctors.\n\n{0}\nAssign a healthy colonist to the Doctor work type. If left untreated, wounds may never heal properly and may become permanent.'),(27,'NeedMiner',1,'Need miner'),(28,'NeedMinerDesc',1,'You have designated some rocks to be mined, but no colonist has the Mining work type.\n\nAssign a colonist the Mining work type.'),(29,'NeedWarden',1,'Need warden'),(30,'NeedWardenDesc',1,'You have a prisoner, but no colonist has the Warden work type.\n\nAssign a colonist the Warden work type.'),(31,'LowFood',1,'Low food'),(32,'LowFoodDesc',1,'You only have {0} nutrition worth of food in storage. This is dangerously low.\n\nGrow, buy, find, or kill some food.'),(33,'NeedColonistBeds',1,'Need colonist beds'),(34,'NeedColonistBedsDesc',1,'You have more colonists than you have colonist beds. Someone will lack a place to sleep.\n\nEither make more beds, or change a prisoner bed to a colonist bed.\n\nIf you have no resources, sleeping spots are free and can be placed instantly.'),(35,'Starvation',1,'Starvation'),(36,'StarvationDesc',1,'These colonists are starving:\n\n{0}\nGet them some food. You\'ll need a food source like a nutrient paste dispenser and some food to feed it. Also, make sure they\'re not drafted.'),(37,'Exhaustion',1,'Exhaustion'),(38,'ExhaustionDesc',1,'These colonists are exhausted and need rest:\n\n{0}\nGet them some rest. They\'ll need a bed marked for colonist use. Also, make sure they\'re not drafted.'),(39,'NeedFoodHopper',1,'Need food hopper'),(40,'NeedFoodHopperDesc',1,'You have a nutrient dispenser with no hopper next to it.\n\nTo work, paste dispensers must draw from an adjacent hopper filled with raw food.\n\nBuild a hopper adjacent to the dispenser.'),(41,'BuildingNeedsPower',1,'Building needs power'),(42,'BuildingsNeedPower',1,'Buildings need power'),(43,'BuildingsNeedPowerDesc',1,'These power-using buildings are totally disconnected from all possible power sources:\n\n{0}\nConnect them to a power generator or battery.'),(44,'AndMore',1,'and more'),(45,'NeedMealSource',1,'Need meal source'),(46,'NeedMealSourceDesc',1,'You have no way of preparing proper meals from raw food.\n\nBuild a nutrient paste dispenser or a cook stove.\n\n(It cannot be in a prison cell, otherwise colonists cannot use it.)'),(47,'NeedHomeRegion',1,'Need home region'),(48,'NeedHomeRegionDesc',1,'You need to define a HOME REGION where your colonists will clean, extinguish fires, and repair things.\n\nDefine a home region using the ZONES section of the ARCHITECT menu.'),(49,'NeedBatteries',1,'Need batteries'),(50,'NeedBatteriesDesc',1,'You only have solar generators and no batteries. This means you\'ll lose power every time the sun goes down.\n\nBuild a battery or two to get you through the night.'),(51,'NoTradingCapacity',1,'No trading capacity'),(52,'NoTradingCapacityDesc',1,'You have no way of trading with passing ships.\n\nBuild a comms console.'),(53,'NeedResearchProject',1,'Need research project'),(54,'NeedResearchProjectDesc',1,'You have the equipment to do research but have not selected a project.\n\nOpen the research menu and select a project.'),(55,'NeedDump',1,'Need dump'),(56,'NeedDumpDesc',1,'You have marked {0} to be hauled, but the colonists have nowhere to take it.\n\nDesignate a stockpile and set its storage settings to accept {0}.'),(57,'NeedGrave',1,'Need grave'),(58,'NeedGraveDesc',1,'There is a dead body laying on the ground and nowhere for your colonists to take it.\n\nBuild a grave or a dumping zone and set their storage settings.'),(59,'ColonistsIdle',1,'{0} colonists idle'),(60,'ColonistsIdleDesc',1,'These colonists are wandering idly:\n\n{0}\nYou should probably find them something productive to do.'),(61,'HaltedConstructions',1,'{0} constructions are missing materials'),(62,'HaltedConstructionsDesc',1,'These constructions are missing materials:\n\n{0}\nYou should probably make required materials available for your colonists.'),(63,'TableNeedsChairs',1,'Table needs chairs'),(64,'TableNeedsChairsDesc',1,'You have a table with no chairs next to it. Tables are useless unless people can sit at them.'),(65,'ColonistNeedsTreatment',1,'Colonist needs treatment'),(66,'ColonistNeedsTreatmentDesc',1,'These colonists need medical treatment. Without it, they may die of their wounds, or their wounds may become permanent.\n\n{0}\nTreat them by sending them to a medical bed.\n\n(First, assign a medical bed by selecting it and toggling it into a medical bed. Then, select the wounded colonists and right-click on the medical bed to make them a patient.)'),(67,'ColonistsAwaitingMedicalOperation',1,'{0} colonists await medical operation'),(68,'ColonistsAwaitingMedicalOperationDesc',1,'These colonists await medical operation:\n\n{0}\nMake sure you have all necessary medical tools and a free doctor available.'),(69,'PawnsWithLifeThreateningDisease',1,'Severe diseases'),(70,'PawnsWithLifeThreateningDiseaseDesc',1,'These colonists are at risk for death because of severe diseases:\n\n{0}\nMake sure that they get as much doctors care as possible.'),(71,'PawnsWithLifeThreateningDiseaseAmputationDesc',1,'These colonists are at risk for death because of severe diseases:\n\n{0}\nIf possible, consider amputating or replacing infected limbs in order to keep colonists alive.'),(72,'ConceptText_MoveCamera',2,'Move the camera by clicking and dragging the MIDDLE MOUSE BUTTON or with the WASD keys.'),(73,'ConceptText_RescueColonist',2,'To rescue a wounded colonist, select a healthy colonist and the right-click on the wounded one.'),(74,'ConceptText_Capture1',2,'An enemy has been incapacitated. You can capture them!'),(75,'ConceptText_Capture2',2,'To capture, select a colonist, right-click on the incapacitated enemy, and select Capture.\n\nYou\'ll need an extra bed marked for prisoner use.'),(76,'ConceptText_Draft1',2,'To control colonists directly for combat, Draft them by selecting them and hitting the Draft button.'),(77,'ConceptText_Draft2',2,'A drafted colonist will do only what you tell them, and can only take combat actions. Those with weapons will use them when possible.\n\nDon\'t leave colonists Drafted forever - they\'ll starve and become unhappy.'),(78,'ConceptText_Forbid',2,'Colonists will not interact with items marked FORBIDDEN.\n\nSelect the food and metal near your landing site and press F to UNFORBID them.'),(79,'ConceptText_BillsTab',2,'To make colonists work at a table, select the table and open the Bills tab. Here, you can say what meals to cook, what things to craft, what creatures to butcher.'),(80,'ConceptText_GrowingFood',2,'To grow food, place GROWING ZONES using the Architect menu.\n\nThey can only be placed on fertile ground.'),(81,'ConceptText_BuildOrbitalTradeBeacon',2,'Hint:\n\nTo send items or silver to orbital traders, you must build an ORBITAL TRADE BEACON outdoors and place a stockpile of items near it.'),(82,'ConceptText_ReadingAlerts',2,'If you\'re ever not sure what to do, check the ALERTS at the right of the screen.'),(83,'ConceptText_CameraZoom',2,'Zoom in and out with the MOUSEWHEEL or the T and G keys.'),(84,'ConceptText_TimeControls',2,'You can speed up, slow down, or stop time using the time controls in the bottom right.'),(85,'ConceptText_PrisonerTab',2,'Look in a prisoner\'s \'Prisoner\' tab to set how they\'ll be treated.\n\nYou\'ll need a colonist with the Warden work to take care of the prisoner.'),(86,'ConceptText_Mining',2,'You can designate where to mine using the ARCHITECT MENU.\n\nMining MINERALS yields METAL.\n\nMining ROCK yields nothing.'),(87,'ConceptText_WorkOverview1',2,'You can set each colonist\'s work settings in the OVERVIEW at the bottom right of the screen.\n\nThey will always do the highest priority work defName that they can find.'),(88,'ConceptText_WorkOverview2',2,'Colonists won\'t do jobs they don\'t have set.\n\nIf nobody has a certain work type assigned, it will never get done.'),(89,'ConceptText_EquippingWeapons',2,'To have your colonist equip a weapon, select the colonist and then right-click on the weapon.\n\nThere are weapons on the ground near your starting location.'),(90,'ConceptText_HomeRegion',2,'HOME REGIONS tell your colonists which areas to clean and where to extinguish fires.\n\nDefine a HOME REGION with the Zones category under the Architect menu.'),(91,'ConceptText_StorageTabCategories',2,'In the storage tab, you can expand categories to allow or deny specific items. Click the triangles to the left of category names.'),(92,'ConceptText_StorageTab',2,'You can configure stockpiles and storage buildings by selecting them and opening the STORAGE TAB above the bottom-left inspector pane.'),(93,'ConceptText_SetGrowingZonePlant',2,'You can set what to plant in a growing zone. You can even grow trees!\n\nJust select the growing zone, open the Growing tab, and click the \'plant\' button.'),(94,'ConceptText_SpacePause',2,'Hit SPACE to pause or unpause the game.\n\nYou can give orders while paused.\n\nRemember this - if things get hectic, just hit SPACE!'),(95,'ConceptText_RightClickClearLetter',2,'You can quickly dismiss incoming letters by right-clicking them.'),(96,'ConceptText_OpeningComms',2,'To communicate, select a working colonist and right-click on the comms console.'),(97,'ConceptText_StoragePriority',2,'You can change the PRIORITY of storage. Colonists will fill higher-priority storage first.'),(98,'ConceptText_Wiki',2,'You can look up information in the WIKI.\n\nUse the link the bottom right of the screen.'),(99,'ConceptText_TradeGoodsMustBeNearBeacon',2,'To send items or silver to orbital traders, you must build an ORBITAL TRADE BEACON outdoors and place a stockpile of items near it.'),(100,'ConceptText_ArrestingCreatesEnemies',2,'If you arrest someone, their entire faction will become your enemy.\n\nDon\'t arrest someone if you want to stay friends with their faction!'),(101,'ConceptText_MedicalOperations',2,'To assign a medical operation, like organ harvesting or prosthetics installation, open a colonist\'s HEALTH tab, then switch to the OPERATIONS sub-tab.'),(102,'Credit_Ludomancer',3,'Ludomancer'),(103,'Credit_MusicAndSound',3,'Music and sound'),(104,'Credit_AdditionalProgramming',3,'Additional programming'),(105,'Credit_GameArt',3,'Game art'),(106,'Credit_MenuArt',3,'Menu art'),(107,'Credits_TitleTesting',3,'Test team'),(108,'Credit_Tester',3,'Tester'),(109,'Credits_TitleLanguage',3,'{0} language'),(110,'Credit_Writer',3,'Writer'),(111,'Credit_Translator',3,'Translator'),(112,'Credit_OpenSourceLibraries',3,'Open source libraries'),(113,'Credit_NoiseGeneration',3,'Noise generation'),(114,'ClockTime',4,'Time'),(115,'ClockDate',4,'Date'),(116,'ClockYear',4,'Year'),(117,'DateReadoutTip',4,'Days passed since your arrival: {0}\nThere are {1} days in each month.'),(118,'FullDate',4,'{0} {1}, year {2}'),(119,'MonthFullDate',4,'{0} {1}'),(120,'MonthFullJanuary',4,'January'),(121,'MonthFullFebruary',4,'February'),(122,'MonthFullMarch',4,'March'),(123,'MonthFullApril',4,'April'),(124,'MonthFullMay',4,'May'),(125,'MonthFullJune',4,'June'),(126,'MonthFullJuly',4,'July'),(127,'MonthFullAugust',4,'August'),(128,'MonthFullSeptember',4,'September'),(129,'MonthFullOctober',4,'October'),(130,'MonthFullNovember',4,'November'),(131,'MonthFullDecember',4,'December'),(132,'MonthShortJanuary',4,'Jan'),(133,'MonthShortFebruary',4,'Feb'),(134,'MonthShortMarch',4,'Mar'),(135,'MonthShortApril',4,'Apr'),(136,'MonthShortMay',4,'May'),(137,'MonthShortJune',4,'Jun'),(138,'MonthShortJuly',4,'Jul'),(139,'MonthShortAugust',4,'Aug'),(140,'MonthShortSeptember',4,'Sept'),(141,'MonthShortOctober',4,'Oct'),(142,'MonthShortNovember',4,'Nov'),(143,'MonthShortDecember',4,'Dec'),(144,'DesignatorCancel',5,'Cancel'),(145,'DesignatorCancelDesc',5,'Cancel designated building, mining, hauling, harvesting, and all other designations.'),(146,'DesignatorCutPlants',5,'Cut plants'),(147,'DesignatorCutPlantsDesc',5,'Marks plants to be cut and destroyed. The plant will be completely removed, and any food will be harvested.'),(148,'DesignatorDeconstruct',5,'Deconstruct'),(149,'DesignatorDeconstructDesc',5,'Deconstruct buildings and reclaim part of their resources.'),(150,'DesignatorHarvest',5,'Harvest'),(151,'DesignatorHarvestDesc',5,'Marks plants to be harvested for their food or other products.'),(152,'DesignatorHarvestWood',5,'Chop wood'),(153,'DesignatorHarvestWoodDesc',5,'Marks trees to be chopped down for wood.'),(154,'DesignatorHaulThings',5,'Haul things'),(155,'DesignatorHaulThingsDesc',5,'Mark rock chunks and other items to be hauled to dumping areas. Not needed for things like food or corpses, which are always haulable.'),(156,'NothingToHaulHere',5,'Nothing to haul here.'),(157,'MustHaulHaulables',5,'Can only designate haulable non-automatic things (like rock chunks).'),(158,'DesignatorHunt',5,'Hunt'),(159,'DesignatorHuntDesc',5,'Mark animals to be hunted by your hunters.'),(160,'DesignatorMine',5,'Mine'),(161,'DesignatorMineDesc',5,'Designate areas of rock to be mined out.'),(162,'DesignatorPlan',5,'Plan'),(163,'DesignatorPlanDesc',5,'Place planning designations. These don\'t do anything except help you plan future expansions.'),(164,'DesignatorPlanRemove',5,'Remove plans'),(165,'DesignatorPlanRemoveDesc',5,'Remove planning designations.'),(166,'DesignatorHomeRegionAdd',5,'Add Home Region'),(167,'DesignatorHomeRegionAddDesc',5,'Colonists will repair buildings, clean floors, and extinguish fires only in the home region.'),(168,'DesignatorHomeRegionRemove',5,'Remove Home Region'),(169,'DesignatorHomeRegionRemoveDesc',5,'Removes a home region. Colonists will no longer clean, repair, or extinguish fires here.'),(170,'DesignatorRegionNoRoofAdd',5,'Create No Roof Region'),(171,'DesignatorRegionNoRoofAddDesc',5,'Create a region where roofs will not generate. Colonists will also tear down existing roofs here.'),(172,'DesignatorRegionNoRoofRemove',5,'Remove No Roof Region'),(173,'DesignatorRegionNoRoofRemoveDesc',5,'Removes a no-roof region. Roofs will generate here, and existing roofs will not be torn down.'),(174,'DesignatorGrowingZoneDesc',5,'Create a zone where your colonists will try to grow a certain kind of plant.'),(175,'DesignatorZoneCreateStorageResourcesDesc',5,'Create a stockpile where your colonists will store resources.\nThis tool can also expand any existing stockpile.'),(176,'DesignatorZoneCreateStorageDumpingDesc',5,'Create a stockpile where your colonists will store junk.\nThis tool can also expand any existing stockpile.'),(177,'DesignatorZoneDelete',5,'Delete zones'),(178,'DesignatorZoneDeleteDesc',5,'Remove zones, like stockpile zones or growing zones.'),(179,'DesignatorClaim',5,'Claim'),(180,'DesignatorClaimDesc',5,'Claim neutral structures for the colony, including ancient ruins and abandoned siege bases. Claimed structures can be repaired and maintained by your colonists.'),(181,'UnchosenStuff',5,'Unchosen material'),(182,'TooCloseToMapEdge',5,'Too close to map edge.'),(183,'OutOfBounds',5,'Out of bounds.'),(184,'CannotPlaceInUndiscovered',5,'Cannot place in undiscovered areas.'),(185,'InteractionSpotBlocked',5,'Interaction spot is blocked by {0}.'),(186,'InteractionSpotOutOfBounds',5,'Interaction spot is out of bounds.'),(187,'InteractionSpotWillBeBlocked',5,'Interaction spot will be blocked by {0}.'),(188,'WouldBlockInteractionSpot',5,'{0} would block {1}\'s interaction square.'),(189,'TerrainIsAlready',5,'The terrain here is already {0}.'),(190,'IdenticalThingExists',5,'Identical thing already exists here.'),(191,'IdenticalBlueprintExists',5,'Identical blueprint already exists here.'),(192,'TerrainCannotSupport',5,'The terrain here cannot support this.'),(193,'SpaceAlreadyOccupied',5,'Space already occupied.'),(194,'ExpandOrCreateZone',5,'Expand {0} or\nCreate new {1}'),(195,'CreateNewZone',5,'Create new {0}'),(196,'TransmitsPower',5,'Transmits power'),(197,'FactionGreetingHostile',6,'The {0} representative hurls some epithets into the monitor and disconnects.'),(198,'FactionGreetingWary',6,'The {0} representative greets {1} warily and asks HIS business.'),(199,'FactionGreetingWarm',6,'The {0} representative greets {1} warmly and asks how the colony fares.'),(200,'Disconnect',6,'Disconnect'),(201,'OfferGift',6,'Offer gift'),(202,'NeedSilverLaunchable',6,'need {0} silver launchable'),(203,'NotEnoughSilver',6,'Not enough silver.'),(204,'SilverForGoodwill',6,'{0} silver for {1} goodwill'),(205,'SilverGiftSent',6,'The {0} representative thanks you.\n\n(Goodwill improved by {1}).'),(206,'RequestMilitaryAid',6,'Request immediate military aid ({0} goodwill)'),(207,'MilitaryAidConfirmMutualEnemy',6,'{0} will not help you fight other factions who are not their enemies. This includes some who are currently threatening you, {1}. Do you still want to call for aid?'),(208,'CallConfirm',6,'Yes, call them anyway.'),(209,'CallCancel',6,'No, never mind.'),(210,'MilitaryAidSent',6,'The {0} representative agrees to send fighters to help you.'),(211,'Confirm',7,'Confirm'),(212,'GoBack',7,'Go back'),(213,'OK',7,'OK'),(214,'SaveGameButton',7,'Save'),(215,'OverwriteButton',7,'Overwrite'),(216,'LoadGameButton',7,'Load'),(217,'ConfirmDelete',7,'Really delete {0}?'),(218,'DeleteThisSavegame',7,'Delete this savegame.'),(219,'SavedAs',7,'Saved as {0}.'),(220,'NeedAName',7,'Please enter a name.'),(221,'LoadingLongEvent',7,'Loading...'),(222,'NameColonyMessage',7,'Everyone knows that you don\'t want to stay on this rock for long. But {0} is suggesting that you give the colony a name anyway.\n\nWhat should it be called?'),(223,'ColonyGainsName',7,'The colony is now known as {0}.'),(224,'ColonyNameIsInvalid',7,'That colony name isn\'t valid.'),(225,'ZoneGainsName',7,'The zone is now called {0}.'),(226,'ZoneNameIsInvalid',7,'Please enter a valid zone name.'),(227,'PawnGainsName',7,'The colonist nick-name is now {0}.'),(228,'SaveGameIncompatibleWarningText',7,'Version mismatch: Map was saved with game version {0}, we are running version {1}.\n\n Loading this save will probably cause bugs and crashes.'),(229,'SaveGameIncompatibleWarningTitle',7,'Save game incompatibility'),(230,'ConfirmResolutionChange',7,'You\'ve changed your screen settings. Do the new ones work okay?\n\nAuto-reverting in {0}...'),(231,'ResolutionKeep',7,'Keep'),(232,'ResolutionRevert',7,'Revert'),(233,'OverviewOf',7,'Overview of {0}'),(234,'Research',7,'Research'),(235,'Researched',7,'Researched'),(236,'Unresearched',7,'Unresearched'),(237,'Finished',7,'Finished'),(238,'InProgress',7,'In Progress'),(239,'ResearchMenuWithoutBench',7,'Until you build a RESEARCH BENCH, your colonists will not actually be able to do research.\n\nHowever, you can still look at and choose research projects now.'),(240,'MapSizePerformanceWarning',7,'WARNING: Performance may degrade at larger map sizes unless your computer is quite powerful.\n\nIf you have a weak machine, choose Small.\n\nLudeonicrous size is untested and will almost certainly not play well.'),(241,'MapSize',7,'Map size'),(242,'MapSizeDesc',7,'{0}x{0} ({1} squares)'),(243,'MapSizeSmall',7,'Small'),(244,'MapSizeMedium',7,'Medium'),(245,'MapSizeLarge',7,'Large'),(246,'MapSizeExtreme',7,'Ludeonicrous'),(247,'Suspended',7,'Suspended'),(248,'NotSuspended',7,'Not suspended'),(249,'SuspendedAllCaps',7,'SUSPENDED'),(250,'RepeatCount',7,'Repeat: {0}'),(251,'Forever',7,'Forever'),(252,'IngredientSearchRadius',7,'Ingredient search radius'),(253,'TargetCount',7,'Make until you have: {0}'),(254,'Infinite',7,'Infinite'),(255,'RecipeCannotHaveTargetCount',7,'(This recipe cannot have a target count because it has multiple or unpredictable products.)'),(256,'PermittedIngredients',7,'Permitted ingredients'),(257,'MinimumSkills',7,'Minimum skills:'),(258,'BillRequires',7,'Requires {0} {1}'),(259,'UsableIngredients',7,'usable ingredients'),(260,'DoXTimes',7,'Do X times'),(261,'DoUntilYouHaveX',7,'Do until you have X'),(262,'DoForever',7,'Do forever'),(263,'BillRepeatTargetCountShort',7,'To {0}'),(264,'BillStoreMode_DropOnFloor',7,'Drop on floor'),(265,'BillStoreMode_BestStockpile',7,'Take to best stockpile'),(266,'BillStoreMode_NearestStockpileAnyPriority',7,'Take to nearest stockpile'),(267,'Type',7,'Type'),(268,'GunType',7,'Gun'),(269,'PlantType',7,'Plant'),(270,'FoodType',7,'Food'),(271,'HumanType',7,'Human'),(272,'AnimalType',7,'Animal'),(273,'MechanoidType',7,'Mechanoid'),(274,'Damage',7,'Damage'),(275,'Accuracy',7,'Accuracy'),(276,'BurstShotCount',7,'Burst shot count'),(277,'WarmupTime',7,'Warmup'),(278,'CooldownTime',7,'Cooldown'),(279,'BurstShotFireRate',7,'Fire rate'),(280,'Range',7,'Range'),(281,'GrowsWild',7,'Grows wild'),(282,'Harvestable',7,'Harvestable'),(283,'LimitedLifespan',7,'Limited lifespan'),(284,'GrowingTime',7,'Growing time'),(285,'Days',7,'days'),(286,'FertilityRequirement',7,'Fertility requirement'),(287,'LightRequirement',7,'Light requirement'),(288,'Attributes',7,'Attributes'),(289,'LifeSpan',7,'Lifespan'),(290,'Nutrition',7,'Nutrition'),(291,'FoodQuality',7,'Food quality'),(292,'WalkSpeedProperty',7,'Walk speed'),(293,'MeleeDamage',7,'Melee damage'),(294,'MeatAmount',7,'Meat amount'),(295,'MinFoodQuality',7,'Min. food quality'),(296,'Diet',7,'Diet'),(297,'RecruitDifficulty',7,'Recruit difficulty'),(298,'baseMarketValue',7,'Base price'),(299,'Covers',7,'Covers'),(300,'NaturalArmorCovers',7,'Natural armor covers'),(301,'BodyPartEfficiency',7,'Body part efficiency'),(302,'DragToTrade',7,'Drag to trade'),(303,'BuyPriceDesc',7,'Price you pay to buy this.'),(304,'SellPriceDesc',7,'Price you receive for selling this.'),(305,'PriceTypeDesc',7,'For this item, this price is {0}.'),(306,'ColonyCount',7,'How many of this item the colony has ready to trade.\n\nYou can only sell items to orbital traders if they are outdoors and near an orbital trade beacon.'),(307,'TraderCount',7,'How many of this item the trader has to trade.'),(308,'AcceptButton',7,'Accept'),(309,'ResetButton',7,'Reset'),(310,'CancelButton',7,'Cancel'),(311,'YourTradeableSilver',7,'Your tradeable silver: {0}'),(312,'YourTradeableSilverTip',7,'You can only trade with silver that is near an orbital trade beacon and not under a roof.'),(313,'TraderHasNoMore',7,'Trader has no more.'),(314,'ColonyHasNoMore',7,'No more to sell.'),(315,'TraderWillNotTrade',7,'Trader is not willing to trade in this item.'),(316,'SocialSkillIs',7,'Social skill: {0}'),(317,'StatsReport_BaseValue',7,'Base value'),(318,'StatsReport_RelevantTraits',7,'Relevant traits'),(319,'StatsReport_RelevantGear',7,'Relevant gear'),(320,'StatsReport_Material',7,'Material'),(321,'StatsReport_CharacterQuality',7,'Character quality'),(322,'StatsReport_Skills',7,'Skill factors'),(323,'StatsReport_OtherStats',7,'Other stat factors'),(324,'StatsReport_HealthFactors',7,'Health factors'),(325,'HealthFactorPercentImpact',7,'{0} importance'),(326,'StatsReport_PostProcessed',7,'Post-processed curved'),(327,'StatsReport_FinalValue',7,'Final value'),(328,'ResearchFinished',7,'Research finished: {0}'),(329,'ResearchScreen',7,'Research Screen'),(330,'HistoryUploadMessage',7,'Do you want to upload your gameplay data records to RimWorld server in order to help developers balance the game? If you agree, your data will be uploaded every {0} days (and in some other rare cases like the end of the game). Privacy preferences can be changed later in the options menu.'),(331,'HistoryUploadMessagePlayerName',7,'Even though history is sent anonymously, you can attach your name.'),(332,'HistoryUploadYes',7,'Allow uploading gameplay data'),(333,'HistoryUploadNo',7,'Do not allow uploading gameplay data'),(334,'HistoryUploadYesOnce',7,'Upload only this time'),(335,'HistoryUploadNoOnce',7,'Do not upload this time, ask me later'),(336,'Dark',8,'Dark'),(337,'Lit',8,'Lit'),(338,'LitBrightly',8,'Brightly lit'),(339,'NoneQuality',8,'None'),(340,'PlantQuality',8,'Plant'),(341,'RawQuality',8,'Raw'),(342,'MealAwfulQuality',8,'Awful'),(343,'MealSimpleQuality',8,'Simple'),(344,'MealFineQuality',8,'Fine'),(345,'MealLavishLavish',8,'Lavish'),(346,'NeverEats',8,'Never eats'),(347,'Omnivorous',8,'Omnivorous'),(348,'Herbivorous',8,'Herbivorous'),(349,'Carnivorous',8,'Carnivorous'),(350,'Unspecified',8,'Undecided'),(351,'Always',8,'Allow'),(352,'Never',8,'Do not allow'),(353,'PriceTypeVeryCheap',8,'very cheap'),(354,'PriceTypeCheap',8,'cheap'),(355,'PriceTypeNormal',8,'normal'),(356,'PriceTypeExpensive',8,'expensive'),(357,'PriceTypeExorbitant',8,'exorbitant'),(358,'StatCategory_General',8,'General'),(359,'StatCategory_GeneralNonPawn',8,'General'),(360,'StatCategory_Armor',8,'Armor'),(361,'StatCategory_PawnPrimary',8,'Primary'),(362,'StatCategory_PawnWork',8,'Work'),(363,'StatCategory_PawnCombat',8,'Combat'),(364,'StatCategory_PawnSocial',8,'Social'),(365,'StatCategory_PawnMisc',8,'Misc'),(366,'StatCategory_Building',8,'Building'),(367,'EquippedStatOffsets',8,'Offsets when equipped'),(368,'StuffOfEquipmentStatModifiers',8,'Modifiers when equipment made of this'),(369,'CallOnRadio',9,'Call {0}'),(370,'CannotUseSolarFlare',9,'Cannot use (solar flare)'),(371,'CannotUseNoPower',9,'Cannot use (no power)'),(372,'CannotUseNoPath',9,'Cannot use (no path)'),(373,'CannotUseReserved',9,'Cannot use (reserved)'),(374,'CannotUseFull',9,'Cannot use (full)'),(375,'FireAt',9,'Fire at {0}'),(376,'OutOfRange',9,'out of range'),(377,'CannotHitTarget',9,'cannot hit target'),(378,'CannotFight',9,'{0} cannot fight'),(379,'OrderManThing',9,'Man {0}'),(380,'MeleeAttack',9,'Melee attack {0}'),(381,'MeleeAttackToDeath',9,'Melee attack {0} to death'),(382,'NoPath',9,'no path'),(383,'ForbiddenLower',9,'forbidden'),(384,'SociallyImproperLower',9,'socially improper'),(385,'PrisonerRoomLower',9,'prisoner room'),(386,'BurningLower',9,'burning'),(387,'NoEmptyPlaceLower',9,'no empty place configured to store it'),(388,'AlreadyFilledLower',9,'already filled enough'),(389,'MissingMaterials',9,'need materials'),(390,'CannotGoNoPath',9,'Cannot go here (no path)'),(391,'GoHere',9,'Go here'),(392,'Arrest',9,'Arrest {0}'),(393,'CannotArrest',9,'Cannot arrest'),(394,'Capture',9,'Capture {0}'),(395,'CannotCapture',9,'Cannot capture'),(396,'Rescue',9,'Rescue {0}'),(397,'CannotRescue',9,'Cannot rescue'),(398,'NoPrisonerBed',9,'No available enclosed prisoner-marked bed.'),(399,'NoNonPrisonerBed',9,'No available usable non-prisoner bed.'),(400,'Reserved',9,'Reserved by someone else.'),(401,'ReservedBy',9,'Reserved by {0}.'),(402,'IsReservedBy',9,'{0} is reserved by {1}.'),(403,'NoManipulationSkill',9,'incapable'),(404,'Equip',9,'Equip {0}'),(405,'EquipWarningBrawler',9,'(brawler will be unhappy)'),(406,'CannotEquip',9,'Cannot equip {0}'),(407,'Wear',9,'Wear {0}'),(408,'CannotWear',9,'Cannot wear {0}'),(409,'Strip',9,'Strip {0}'),(410,'CannotStrip',9,'Cannot strip {0}'),(411,'Deposit',9,'Deposit {0} in {1}'),(412,'CannotDeposit',9,'Cannot deposit {0} in {1}'),(413,'Drop',9,'Drop {0}'),(414,'UseMedicalBed',9,'Rest until fully healed'),(415,'NotInjured',9,'Not injured'),(416,'SomeoneElseSleeping',9,'Occupied'),(417,'EnterCryptosleepPod',9,'Enter cryptosleep pod'),(418,'CannotGenericWork',9,'Cannot {0} {1}'),(419,'CannotGenericAlreadyAm',9,'Already {0} {1}'),(420,'CannotPrioritizeIsNotA',9,'Cannot prioritize ({0} is not a {1})'),(421,'CannotPrioritizeResearch',9,'Cannot prioritize (research is a long-term task)'),(422,'CannotPrioritizeForbidden',9,'Cannot prioritize ({0} is forbidden)'),(423,'PrioritizeGeneric',9,'Prioritize {0} {1}'),(424,'WorkLeft',10,'Work left'),(425,'Contents',10,'Contents'),(426,'ContainedResources',10,'Contained resources'),(427,'ForPrisonerUse',10,'For prisoner use'),(428,'ForColonistUse',10,'For colonist use'),(429,'MedicalBed',10,'Medical'),(430,'Owner',10,'Owner'),(431,'Nobody',10,'Nobody'),(432,'Unowned',10,'Unowned'),(433,'DeadTime',10,'Dead {0}'),(434,'WalkSpeed',10,'walk speed {0}'),(435,'DyingLower',10,'dying'),(436,'FilthOnFeet',10,'Filth on feet:'),(437,'NotEnoughStoredLower',10,'not enough stored'),(438,'NothingLower',10,'nothing'),(439,'Adapted',10,'Adapted'),(440,'Headshot',10,'Headshot'),(441,'FreshMissingBodyPart',10,'fresh'),(442,'UntreatedLower',10,'untreated'),(443,'DevelopedImmunityLower',10,'developed immunity'),(444,'InjuryRequiresTreatment',10,'requires treatment to heal'),(445,'NextTreatmentAfter',10,'next treatment after {0} days'),(446,'MissingMedicalBillIngredient',10,'no {0}'),(447,'ImmunityDevelopmentProgress',10,'immunity development progress'),(448,'GunInstalled',10,'Installed'),(449,'MinimumRange',10,'Minimum range'),(450,'CanFireIn',10,'Can fire in'),(451,'ReportHaulingTo',10,'Hauling {0} to {1}.'),(452,'ReportHauling',10,'Hauling {0}.'),(453,'ReportSleeping',10,'Sleeping.'),(454,'ReportResting',10,'Resting.'),(455,'WeaponMissRadius',10,'Weapon miss radius'),(456,'ShootReportShooterAbility',10,'Shooter'),(457,'ShootReportWeapon',10,'Weapon'),(458,'Darkness',10,'Darkness'),(459,'TargetProne',10,'Target prone'),(460,'TargetSize',10,'Target size'),(461,'Weather',10,'Weather'),(462,'ShootingCover',10,'Cover'),(463,'CoverThingBlocksPercentOfShots',10,'{0} stops {1}'),(464,'NoCoverLower',10,'no cover'),(465,'Mood',10,'Mood'),(466,'MoodTip',10,'Mood is sustained by fulfilling physical and psychological needs.\n\nIf someone\'s mood gets too low, they may suffer a mental break.'),(467,'Food',10,'Food'),(468,'FoodTip',10,'Food is the amount of nutrition a creature has consumed recently. If it is at zero, a creature will take starvation damage over time.'),(469,'Rest',10,'Rest'),(470,'RestTip',10,'Rest is how much quality relaxation and sleep a person gets.\n\nIt rises to a maximum when someone sleeps in a bed. Outside of bed, it falls over time.'),(471,'Environment',10,'Environment'),(472,'EnvironmentTip',10,'Environment reflects how pleasing a person finds their surroundings.\n\nEnvironment is high when people are in spacious rooms with beautiful decorations. It is poor when their surroundings are ugly.'),(473,'Openness',10,'Openness'),(474,'ThoughtExpiresIn',10,'Expires in: {0}'),(475,'ThoughtStartsExpiringIn',10,'Starts expiring in: {0}'),(476,'ThoughtFinishesExpiringIn',10,'Finishes expiring in: {0}'),(477,'MentalBreakThreshold',10,'Mental break threshold'),(478,'Health',10,'Health'),(479,'PawnMainDescWithFactionGendered',10,'{0} {1} of {2}'),(480,'PawnMainDescGendered',10,'{0} {1}'),(481,'PawnMainDescWithFactionGenderless',10,'{0} of {1}'),(482,'PawnMainDescGenderless',10,'{0}'),(483,'Faction',10,'Faction'),(484,'Equipped',10,'Equipped'),(485,'EquippedNothing',10,'Nothing'),(486,'Incapacitated',10,'Incapacitated'),(487,'InRestraints',10,'In restraints (slowed)'),(488,'Carrying',10,'Carrying'),(489,'SanityDazedWander',10,'Broken: Dazed and wandering'),(490,'SanityGiveUpExit',10,'Broken: Given up and leaving'),(491,'SanityPanicFlee',10,'Broken: Fleeing in panic'),(492,'SanityPsychotic',10,'Broken: Psychotic rampage'),(493,'None',10,'None'),(494,'VeryPoor',10,'Very poor'),(495,'Poor',10,'Poor'),(496,'Weakened',10,'Weakened'),(497,'GoodCondition',10,'OK'),(498,'Enhanced',10,'Enhanced'),(499,'SeriouslyImpaired',10,'Seriously impaired'),(500,'Impaired',10,'Impaired'),(501,'SlightlyImpaired',10,'Slightly impaired'),(502,'NoPain',10,'None'),(503,'LittlePain',10,'Little'),(504,'MediumPain',10,'Medium'),(505,'SeverePain',10,'Severe'),(506,'ExtremePain',10,'Extreme'),(507,'SelectNextInSquareTip',10,'Select next thing in same square.\n\nShortcut key: {0}\n\nYou can also do this by slowly clicking the same square again.'),(508,'DefInfoTip',10,'View information about this object.'),(509,'TabBills',10,'Bills'),(510,'TabGrowing',10,'Growing'),(511,'TabCharacter',10,'Character'),(512,'TabPrisoner',10,'Prisoner'),(513,'TabGear',10,'Gear'),(514,'TabThoughts',10,'Thoughts'),(515,'TabStorage',10,'Storage'),(516,'TabHealth',10,'Health'),(517,'TabRace',10,'Race'),(518,'TabBasics',10,'Basics'),(519,'TabStats',10,'Stats'),(520,'AddBill',10,'Add bill'),(521,'RecipeRequiresSkills',10,'The recipe {0} requires the skills below. None of your colonists have these skills, so nobody will do this bill.'),(522,'BillConfig',10,'Config'),(523,'SuspendedCaps',10,'SUSPENDED'),(524,'PlantVerb',10,'Plant'),(525,'RecruitmentDifficulty',10,'Recruitment difficulty'),(526,'PrisonerGetsFood',10,'Gets food'),(527,'DoctorsCare',10,'Doctors care'),(528,'PrisonerGetsMedicine',10,'Gets medicine'),(529,'ShouldTryToRecruit',10,'Try to recruit'),(530,'PrisonerNoInteraction',10,'No interaction'),(531,'PrisonerFriendlyChat',10,'Friendly chat'),(532,'PrisonerMildBeating',10,'Mild beating'),(533,'PrisonerViciousBeating',10,'Vicious beating'),(534,'PrisonerExecution',10,'Execution'),(535,'Equipment',10,'Equipment'),(536,'Apparel',10,'Apparel'),(537,'Inventory',10,'Inventory'),(538,'ThingInfo',10,'Information'),(539,'DropThing',10,'Drop'),(540,'TotalModifiers',10,'Total modifiers'),(541,'DamageAbsorption',10,'Damage absorption'),(542,'DamageDeflection',10,'Damage deflection'),(543,'MoveSpeed',10,'Move speed'),(544,'Efficiency',10,'Efficiency'),(545,'MissingBodyPart',10,'Gone'),(546,'DestroyedBodyPart',10,'Destroyed'),(547,'ShatteredBodyPart',10,'Shattered'),(548,'RemovedBodyPart',10,'Removed'),(549,'Healthy',10,'Healthy'),(550,'InPain',10,'In pain'),(551,'PainLevel',10,'Pain'),(552,'Dead',10,'Dead'),(553,'Unconscious',10,'Unconscious'),(554,'PainShock',10,'In shock'),(555,'Injured',10,'Injured'),(556,'NoInjuries',10,'(no injuries)'),(557,'WholeBody',10,'Whole body'),(558,'RenameColonist',10,'Rename colonist'),(559,'DataProcessing',10,'Data processing'),(560,'Communication',10,'Communication'),(561,'AffectsLower',10,'affects'),(562,'BleedingRate',10,'Bleeding rate'),(563,'HealthOverview',10,'Overview'),(564,'MedicalOperationsShort',10,'Operations ({0})'),(565,'MedicalOperationsMechanoidsShort',10,'Modifications ({0})'),(566,'MedicalOperations',10,'Medical operations'),(567,'Amputate',10,'Amputate'),(568,'Harvest',10,'Harvest'),(569,'OfLower',10,'of'),(570,'PowerNotConnected',10,'Not connected to power.'),(571,'PowerConnectedRateStored',10,'Connected rate/stored: {0} W / {1} Wd'),(572,'PowerNeeded',10,'Power needed'),(573,'PowerOutput',10,'Power output'),(574,'PowerBatteryStored',10,'Stored'),(575,'PowerBatteryEfficiency',10,'Efficiency'),(576,'RotStateFresh',10,'Fresh'),(577,'RotStateRotting',10,'Rotting'),(578,'RotStateDessicated',10,'Dessicated'),(579,'ShotBy',10,'Shot by {0}'),(580,'CannotHit',10,'Cannot hit target.'),(581,'StoragePriorityUnstored',10,'Unstored'),(582,'StoragePriorityLow',10,'Low'),(583,'StoragePriorityNormal',10,'Normal'),(584,'StoragePriorityPreferred',10,'Preferred'),(585,'StoragePriorityImportant',10,'Important'),(586,'StoragePriorityCritical',10,'Critical'),(587,'TimeToSpoil',10,'Spoils in {0}'),(588,'Ingredients',10,'Ingredients'),(589,'PercentGrowth',10,'{0}% growth'),(590,'Growing',10,'Growing'),(591,'NotGrowingNow',10,'Not growing now (needs to be {0}).'),(592,'NotGrowingNowNight',10,'Not growing now (night time).'),(593,'FullyGrownIn',10,'Fully grown in {0} of growth.'),(594,'ReadyToHarvest',10,'Ready to harvest.'),(595,'Mature',10,'Mature.'),(596,'SeedLabel',10,'{0} seed'),(597,'Zone',10,'Zone'),(598,'GrowingZone',10,'Growing zone'),(599,'Stockpile',10,'Stockpile'),(600,'DumpingStockpile',10,'Dumping stockpile'),(601,'Priority',10,'Priority'),(602,'DaysLower',10,'days'),(603,'SecondsLower',10,'seconds'),(604,'Undiscovered',10,'Undiscovered'),(605,'ZoneVisibilityToggleButton',10,'Toggle visiblity of zones.'),(606,'AutoHomeRegionToggleButton',10,'Toggle automatically adding the home region around new constructions.'),(607,'CategorizedResourceReadoutToggleButton',10,'Toggle categorized mode on the resource readout.'),(608,'Fire',10,'Fire'),(609,'FireOn',10,'Fire on {0}'),(610,'Burning',10,'Burning'),(611,'FireSizeLower',10,'fire size {0}'),(612,'MapConditionsTip',10,'Special conditions affecting the area right now.'),(613,'NoStuffsToBuildWith',10,'You have no usable materials from which to build this.'),(614,'MustPlaceUnroofed',10,'Cannot be placed under a roof.'),(615,'MustPlaceHeadOnShipBeam',10,'Must place with head attached to ship structural beam.'),(616,'MustPlaceNextToHopperAccepter',10,'Must be placed next to something that needs a hopper.'),(617,'MustPlaceOnSteamGeyser',10,'Must be placed directly on a steam geyser.'),(618,'PodContains',10,'Contains'),(619,'ShipReportCannotLaunch',10,'Cannot launch.'),(620,'ShipReportCanLaunch',10,'Ready for launch.'),(621,'ShipReportMissingPart',10,'Missing critical component'),(622,'ShipReportNoFullPods',10,'No full cryptosleep pods'),(623,'UseNeurotrainer',10,'Use neurotrainer to learn {0}'),(624,'NeurotrainerUsed',10,'{0} used {1} neurotrainer to go from level {2} to level {3}.'),(625,'GameOverEveryoneDead',10,'Everyone is dead or gone. This story is over.\n\nPerhaps someone else will find a use for the ruins of this place.'),(626,'GameOverShipLaunched',10,'You\'ve launched the ship! These colonists escaped:\n\n{0}\nThese colonists were left behind:\n\n{1}\nYour AI will now try to guide the ship to a safe place. It might deposit you on a better planet in this system. Or, it may undertake a centuries-long journey to another star. It might even decide to hide under ice on an asteroid for a few thousand years, waiting for a better period of history.\n\nYou\'ll find out when you wake up.'),(627,'GameOverKeepPlaying',10,'Keep playing'),(628,'GameOverMainMenu',10,'Main menu'),(629,'CommandForbiddenDesc',11,'Forbidden - colonists will not interact with this.'),(630,'CommandNotForbiddenDesc',11,'Not forbidden - colonists may interact with this.'),(631,'CommandTogglePowerLabel',11,'Toggle power'),(632,'CommandTogglePowerDesc',11,'Toggle power.'),(633,'CommandTryReconnectLabel',11,'Reconnect'),(634,'CommandTryReconnectDesc',11,'Try to connect to a different power net within my connection radius. This is useful if I\'m connected to an unpowered net but there is a powered net nearby.'),(635,'CommandGatherSpotToggleLabel',11,'Gather spot'),(636,'CommandGatherSpotToggleDescActive',11,'Active - colonists will gather around this object.'),(637,'CommandGatherSpotToggleDescInactive',11,'Inactive - colonists will not gather around this object.'),(638,'CommandDraftLabel',11,'Draft'),(639,'CommandUndraftLabel',11,'Undraft'),(640,'CommandToggleDraftDesc',11,'Toggle military draft.\n\nDrafted people take orders and fight. They will not work, eat, or rest.'),(641,'IsIncapped',11,'{0} is incapacitated.'),(642,'CommandCancelConstructionLabel',11,'Cancel'),(643,'CommandCancelConstructionDesc',11,'Cancel this construction.'),(644,'CommandGetOutOfBedLabel',11,'Get out of bed'),(645,'CommandGetOutOfBedDesc',11,'Get out of current bed.'),(646,'CommandBedSetOwnerLabel',11,'Set owner'),(647,'CommandBedSetOwnerDesc',11,'Assign this bed to be owned by a specific colonist.'),(648,'BedAssign',11,'Assign'),(649,'CommandBedSetForPrisonersLabel',11,'Set for prisoners'),(650,'CommandBedSetForPrisonersDesc',11,'Assign beds in this room for use by prisoners.'),(651,'CommandBedSetForPrisonersFailOutdoors',11,'Cannot set outdoor beds to be for prisoners.'),(652,'CommandBedSetForColonistsLabel',11,'Set for colonists'),(653,'CommandBedSetForColonistsDesc',11,'Assign beds in this room for use by colonists.'),(654,'CommandBedSetAsMedicalLabel',11,'Set as medical'),(655,'CommandBedSetAsMedicalDesc',11,'Assign this bed for medical use.'),(656,'CommandBedSetAsNonMedicalLabel',11,'Set as non medical'),(657,'CommandBedSetAsNonMedicalDesc',11,'Assign this bed for non medical use.'),(658,'TurningOnPrisonerBedWarning',11,'Turning on prisoner mode affects the whole room (since prisoners and colonists cannot sleep in the same room).\n\nThese people will lose ownership of their beds:'),(659,'TurningOffPrisonerBedWarning',11,'Turning off prisoner mode affects the whole room (since prisoners and colonists cannot sleep in the same room).\n\nThese people will lose ownership of their beds:'),(660,'AreYouSure',11,'Are you sure you want to do this?'),(661,'CommandDetonateDesc',11,'Start the countdown to detonation.'),(662,'CommandDetonateLabel',11,'Detonate'),(663,'CommandRenameZoneDesc',11,'Rename this zone.'),(664,'CommandRenameZoneLabel',11,'Rename'),(665,'CommandHideZoneDesc',11,'Hide/unhide this zone.'),(666,'CommandHideZoneLabel',11,'Hide'),(667,'CommandUnhideZoneLabel',11,'Unhide'),(668,'CommandDeleteZoneDesc',11,'Delete this zone.'),(669,'CommandDeleteZoneLabel',11,'Delete'),(670,'CommandSetForceAttackTarget',11,'Set forced target'),(671,'CommandSetForceAttackTargetDesc',11,'Sets a target that this turret must attack continuously as long as it can.'),(672,'CommandStopForceAttack',11,'Stop forced attack'),(673,'CommandStopForceAttackDesc',11,'Stops force-attacking and allows the turret to fire as it wishes.'),(674,'CommandStopAttackFailNotForceAttacking',11,'Not currently force-attacking.'),(675,'MessageTargetBeyondMaximumRange',11,'Target beyond maximum range.'),(676,'MessageTargetBelowMinimumRange',11,'Target below minimum range.'),(677,'CommandShipLaunch',11,'Launch ship'),(678,'CommandShipLaunchDesc',11,'Start the ship launch sequence with the current configuration.'),(679,'CommandShipLaunchReport',11,'Show launch report'),(680,'CommandShipLaunchReportDesc',11,'Show a readiness report about the ship\'s launch capability.'),(681,'CommandPodEject',11,'Eject sleeper'),(682,'CommandPodEjectDesc',11,'Wake up the cryptosleeper and eject them.'),(683,'CommandPodEjectFailEmpty',11,'Contains nobody.'),(684,'CommandToggleDoorLock',11,'Toggle locked'),(685,'CommandToggleDoorLockDesc',11,'Lock or unlock a door. Locked doors will not open for anyone.'),(686,'AnimalInsanitySingle',12,'A local {0} has gone mad. It will attack everyone it sees.'),(687,'AnimalInsanityMultiple',12,'Some sort of psychic wave has swept over the landscape. Your colonists are okay, but...\n\nIt seems many of the {0}s in the area have been driven insane.'),(688,'CropBlight',12,'A mysterious blight has destroyed your crops.'),(689,'EclipseIncident',12,'One of the moons of this planet has orbited in front of the sun. An eclipse has begun.'),(690,'MiracleHeal',12,'{0} has experienced a miraculous recovery!'),(691,'EnemyRaidWalkIn',12,'A group of {0} from {1} have arrived nearby.'),(692,'EnemyRaidEdgeDrop',12,'A group of {0} from {1} have arrived in drop pods nearby.'),(693,'EnemyRaidCenterDrop',12,'A group of {0} from {1} have dropped in right on top of you!'),(694,'EnemyRaidStageThenAttack',12,'They will prepare for a while, then attack.\n\nPrepare a defense or attack them pre-emptively.'),(695,'EnemyRaidImmediateAttack',12,'They are attacking immediately.'),(696,'EnemyRaidBesiege',12,'It looks like they want to besiege the colony.'),(697,'FriendlyRaidWalkIn',12,'A group of friendly {0} from {1} have arrived nearby.'),(698,'FriendlyRaidEdgeDrop',12,'A group of friendly {0} from {1} have dropped in from orbit nearby.'),(699,'FriendlyRaidCenterDrop',12,'A group of friendly {0} from {1} have dropped from orbit right on top of you!'),(700,'FriendlyRaidStageThenAttack',12,'They will prepare for a while before moving in to help you.'),(701,'FriendlyRaidImmediateAttack',12,'They are moving in to help you immediately.'),(702,'FriendlyRaidBesiege',12,'It looks like they want to use siege tactics to help you.'),(703,'RefugeePodCrash',12,'You\'ve detected an escape pod crashing hard nearby.\n\nIf anyone survived the impact, they\'ll be badly wounded.'),(704,'CargoPodCrash',12,'You have detected a cluster of cargo pods crashing nearby.\n\nPerhaps you\'ll find something useful in the wreckage.'),(705,'AnElectricalConduit',12,'an electrical conduit'),(706,'AWallsPowerConduit',12,'a wall\'s power conduit'),(707,'ShortCircuit',12,'A fault in {0} has caused a short circuit.\n\nAll {1} Wd of energy in the connected batteries has been discharged in an electrical explosion.'),(708,'ShortCircuitWasLarge',12,'This large amount of power has created an explosion of considerable size.'),(709,'ShortCircuitWasHuge',12,'That really is a huge explosion. Wow.'),(710,'LetterSolarFlare',12,'A solar flare has begun.\n\nThe intense radiation will shut down all electrical devices.\n\nIt should pass in about a day.'),(711,'TraderArrival',12,'A trade ship is passing nearby.\n\nThey are known as {0}. They are a {1}.'),(712,'SingleTravelerPassing',12,'A {0} from {1} is passing by. HECAP is named {2}.'),(713,'GroupTravelersPassing',12,'A group of travelers from {0} are passing by.'),(714,'SingleVisitorArrives',12,'A {0} from {1} is visiting the colony.\n\nHECAP is named {2}.'),(715,'GroupVisitorsArrive',12,'A group from {0} are visiting the colony.'),(716,'VisitorsLeaving',12,'Visitors from {0} are leaving.'),(717,'WandererJoin',12,'A {0} named NAME has arrived and is joining the colony. HECAP is a {1}.'),(718,'SpaceshipPartCrash',12,'A large piece of an ancient ship has crashed nearby.\n\nYour colonists can feel it in the back of their mind, exhorting unspeakable acts. It must have an onboard AI persona with psychic projection ability. And this AI is not friendly.\n\nDestroy it as soon as possible.'),(719,'MessageAnimalInsanityPulse',12,'The ancient structure has emitted a psychic pulse that has driven nearby animals mad.'),(720,'LetterShipPartDroveColonistInsane',12,'The crashed ship part has emitted a focused psychic pulse that has driven colonist {0} insane.'),(721,'AwokeDaysAgo',12,'Awoke {0} days ago'),(722,'PsychicDroneLevel',12,'Psychic drone level: {0}'),(723,'PsychicDroneLevelLow',12,'Low'),(724,'PsychicDroneLevelMedium',12,'Medium'),(725,'PsychicDroneLevelHigh',12,'High'),(726,'PsychicDroneLevelExtreme',12,'Extreme'),(727,'LetterPsychicDroneLevelIncreased',12,'The crashed ship part is now emanating a more powerful kind of psychic drone. Every humanoid in the area now feels more disturbed, terrified, and paranoid.'),(728,'LetterAgentRevealed',12,'{0} has been revealed as an agent of your enemy {1}.\n\nThey are attempting to escape now.'),(729,'LetterIncidentPsychicDrone',12,'Every colonists of the {0} gender winces in pain!\n\nSome distant engine of hatred is stirring. It is projecting a powerful psychic drone over this entire region, on a frequency that only seems to affect the {0} gender. For a few days, some peoples\' mood will be quite a bit worse.'),(730,'JumpToLocation',13,'Jump to location'),(731,'RelationsBrokenDown',13,'Relations with {0} have broken down. They are now hostile to you.'),(732,'RelationsWarmed',13,'Relations have with {0} have warmed. They are no longer hostile to you.'),(733,'RelationsBrokenCapture',13,'Because you captured {0}, {1} is now your enemy.'),(734,'ColonyGoodwill',13,'Colony goodwill'),(735,'Neutral',13,'Neutral'),(736,'ShortCircuitRain',13,'A {0} has short-circuited in the rain and started a fire.'),(737,'AreaRevealed',13,'A new area has been revealed.'),(738,'RoofCollapsed',13,'A roof has collapsed because it was too far from any support.'),(739,'TheseThingsCrushed',13,'These things were crushed:'),(740,'NothingCrushed',13,'Nothing was crushed.'),(741,'MentalBreakRampage',13,'{0} has has a mental break and is going on a rampage.'),(742,'MentalBreakDaze',13,'{0} has given up and is wandering around in a daze.'),(743,'MentalBreakLeave',13,'{0} has given up and is leaving the colony.'),(744,'RecruitSuccess',13,'{0} successfully recruited {1} ({2} chance).'),(745,'RecruitFail',13,'{0} failed to recruit {1} ({2} chance).'),(746,'Birthday',13,'It\'s {0}\'s birthday today! {1} just turned {2}.'),(747,'BirthdayWithInjuries',13,'It\'s {0}\'s birthday today! {1} just turned {2}.\n\nUnfortunately, {0} has gained the following diseases due to aging:\n{3}'),(748,'NewDisease',13,'{0} got sick ({1}). Make sure that {0} gets proper treatment and spends as much time in bed as possible in order to recover quickly.'),(749,'NewPartDisease',13,'{0} got {1} infection. Make sure that {0} gets proper treatment and spends as much time in bed as possible in order to recover quickly.'),(750,'Audiovisuals',14,'Audiovisuals'),(751,'GameVolume',14,'Game volume'),(752,'MusicVolume',14,'Music volume'),(753,'GraphicsQuality',14,'Graphics quality'),(754,'GraphicsQualityNormal',14,'Normal'),(755,'GraphicsQualityGreat',14,'Great'),(756,'EdgeScreenScroll',14,'Screen-edge mouse scroll'),(757,'CustomCursor',14,'Custom cursor'),(758,'ChooseLanguage',14,'Choose language'),(759,'AdaptiveTutor',14,'Adaptive tutor'),(760,'ResetAdaptiveTutor',14,'Reset adaptive tutor'),(761,'AdaptiveTutorIsReset',14,'Adaptive tutor is reset. He will now teach you from scratch.'),(762,'RunInBackground',14,'Run in background'),(763,'DevelopmentMode',14,'Development mode'),(764,'LogVerbose',14,'Verbose logging'),(765,'OpenSaveGameDataFolder',14,'Open save data folder'),(766,'NamesYouWantToSee',14,'Last names of Name in Game or Backstory in Game characters you want to see:'),(767,'ChangeStoryteller',14,'Choose storyteller'),(768,'Resolution',14,'Resolution'),(769,'Fullscreen',14,'Fullscreen'),(770,'CurrentRes',14,'Currently {0}'),(771,'ChooseResolution',14,'Choose resolution'),(772,'Privacy',14,'Privacy'),(773,'UserName',14,'User name'),(774,'ChooseHistoryUploadPref',14,'Gameplay data upload pref.'),(775,'CurrentHistoryUploadPref',14,'Currently {0}'),(776,'AboutHistoryUpload',14,'Users gameplay data helps developers balance the game. If you agree, your information will be sent every {0} game days (and in some other rare cases like the end of the game) to the RimWorld server and then analyzed. Uploaded gameplay data consists only of statistics and history records related to the game - no personal information is sent, except for user name, which means it is completely anonymous.'),(777,'CreateWorld',15,'Create World'),(778,'NewColony',15,'New Colony'),(779,'BackToGame',15,'Back to Game'),(780,'Save',15,'Save'),(781,'Load',15,'Load Colony'),(782,'Options',15,'Options'),(783,'Mods',15,'Mods'),(784,'Credits',15,'Credits'),(785,'QuitToMainMenu',15,'Quit to Main Menu'),(786,'QuitToOS',15,'Quit to OS'),(787,'FictionPrimer',15,'Fiction primer'),(788,'LudeonBlog',15,'Ludeon blog'),(789,'Forums',15,'Forums'),(790,'OfficialWiki',15,'Official wiki'),(791,'TynansTwitter',15,'Tynan\'s twitter'),(792,'TynansDesignBook',15,'Tynan\'s design book'),(793,'HelpTranslate',15,'Help translate RimWorld'),(794,'ReviewWorld',15,'Review world'),(795,'WorldGenerate',15,'Generate'),(796,'WorldSaveAndFinish',15,'Save and finish'),(797,'Reset',15,'Reset'),(798,'WorldSize',15,'Size'),(799,'WorldSeed',15,'Seed'),(800,'RandomizeSeed',15,'Randomize seed'),(801,'SelectWorld',15,'Select world'),(802,'WorldChooseButton',15,'Select'),(803,'NoWorldsFilesFound',15,'No world files found. Create a world first.'),(804,'BuildNowAvailable',15,'Build {0} is now available. Check ludeon.com for more info.'),(805,'BuildUpToDate',15,'Build is up to date.'),(806,'ErrorGettingVersionInfo',15,'Error getting version info: {0}'),(807,'LoadingVersionInfo',15,'Loading version info...'),(808,'GenerateWorld',15,'Generate world'),(809,'GetMods',15,'Get mods'),(810,'OpenModsDataFolder',15,'Open mods data folder'),(811,'ConfirmDisableCoreMod',15,'Are you sure you want to disable the core mod? The game won\'t work at all unless you have another mod that replaces all the core functionality.\n\nRemember, other mods can override defs in the core mod by using the same defName.'),(812,'Author',15,'Author'),(813,'ChooseAIStoryteller',15,'Choose AI Storyteller'),(814,'HowStorytellersWork',15,'The AI Storyteller creates events like pirate raids, resource drops, or animal attacks. Their choices will affect the story of your colony.'),(815,'MustChooseChallengeScale',15,'Please choose a challenge scale.'),(816,'ChallengeScale',15,'Challenge scale'),(817,'ChallengeScaleTip',15,'When the storyteller sends threats after you, they will be {0} as large as in Challenge mode.'),(818,'ChallengeScale_BuilderMode',15,'Builder mode'),(819,'ChallengeScale_Casual',15,'Casual'),(820,'ChallengeScale_Rough',15,'Rough'),(821,'ChallengeScale_Challenge',15,'Challenge'),(822,'ChallengeScale_SeriousChallegne',15,'Serious challenge'),(823,'ChallengeScale_ExtremeChallenge',15,'Extreme challenge'),(824,'SelectLandingSite',15,'Select landing site'),(825,'SelectSite',15,'Select site'),(826,'MustSelectLandingSite',15,'Please select a landing site.'),(827,'CannotLandBiome',15,'You cannot land on this biome: {0}'),(828,'WorldRenderMode',15,'Mode'),(829,'WorldRenderModeFull',15,'Full'),(830,'WorldRenderModeTemperature',15,'Temperature'),(831,'WorldRenderModeElevation',15,'Elevation'),(832,'WorldRenderModeFertility',15,'Fertility'),(833,'WorldRenderModeRainfall',15,'Rainfall'),(834,'WorldRenderModeBiomes',15,'Biomes'),(835,'BiomeNotImplemented',15,'biome not implemented'),(836,'BaseAlreadyThere',15,'{0} already have a base there.'),(837,'Biome',15,'Biome'),(838,'Terrain',15,'Terrain'),(839,'Elevation',15,'Elevation'),(840,'Fertility',15,'Fertility'),(841,'AvgTemp',15,'Avg Temp'),(842,'Rainfall',15,'Rainfall'),(843,'HasCoast0',15,'Northern coast'),(844,'HasCoast1',15,'Eastern coast'),(845,'HasCoast2',15,'Southern coast'),(846,'HasCoast3',15,'Western coast'),(847,'FactionBase',15,'Faction base'),(848,'CreateCharacters',15,'Create characters'),(849,'FirstNameDesc',15,'The character\'s first name.\n\nThis is only displayed in certain menus.'),(850,'ShortIdentifierDesc',15,'The character\'s short identifier.\n\nThis is displayed at all times. It can be the first or last name, or a completely separate nickname.'),(851,'LastNameDesc',15,'The character\'s last name.\n\nThis is only displayed in certain menus.'),(852,'Randomize',15,'Randomize'),(853,'AgeIndicator',15,'age {0}'),(854,'Backstory',15,'Backstory'),(855,'IncapableOf',15,'Incapable of'),(856,'Traits',15,'Traits'),(857,'TraitsDoNothing',15,'Traits are just fun story bits for now; most of them don\'t do anything. This will change in future versions.'),(858,'PermanentMoodEffect',15,'Permanent mood effect'),(859,'Skills',15,'Skills'),(860,'NoneLower',15,'none'),(861,'Adulthood',15,'Adulthood'),(862,'Childhood',15,'Childhood'),(863,'Male',15,'Male'),(864,'Female',15,'Female'),(865,'Pain',15,'Pain'),(866,'Start',15,'Start'),(867,'Advanced',15,'Advanced'),(868,'Next',15,'Next'),(869,'Back',15,'Back'),(870,'Gameplay',15,'Gameplay'),(871,'ConfirmQuit',15,'Really quit? You\'ll lose unsaved progress.'),(872,'EveryoneNeedsValidName',15,'Each person needs a valid name.'),(873,'GeneratingWorld',15,'Generating world...'),(874,'GeneratingMap',15,'Generating map...'),(875,'WorkTab',16,'Work'),(876,'FactionsTab',16,'Factions'),(877,'StatisticsTab',16,'Statistics'),(878,'HistoryTab',16,'History'),(879,'WorldTab',16,'World'),(880,'ManualPriorities',16,'Manual priorities'),(881,'HigherPriority',16,'Higher priority'),(882,'LowerPriority',16,'Lower priority'),(883,'RelevantSkills',16,'Relevant skills: {0}\nAverage of relevant skills: {1} / {2}'),(884,'ClickToJumpTo',16,'Click to jump to:'),(885,'CannotDoThisWork',16,'{0} cannot do this kind of work.'),(886,'NoneBrackets',16,'(none)'),(887,'Hostile',16,'Hostile'),(888,'HostileTo',16,'Enemy of {0}'),(889,'CurrentGoodwill',16,'Current goodwill with this faction.'),(890,'Storyteller',16,'Storyteller'),(891,'ColonyWealthTotal',16,'Colony wealth'),(892,'ColonyWealthItems',16,'Colony wealth (items)'),(893,'ColonyWealthBuildings',16,'Colony wealth (buildings)'),(894,'NumThreatBigs',16,'Major threats'),(895,'NumEnemyRaids',16,'Enemy raids'),(896,'DamageTaken',16,'Damage taken'),(897,'ColonistsKilled',16,'Colonists killed'),(898,'ColonistsLaunched',16,'Colonists launched into space'),(899,'SelectGraph',16,'Select graph'),(900,'Last30Days',16,'Last 30 days'),(901,'Last100Days',16,'Last 100 days'),(902,'Last300Days',16,'Last 300 days'),(903,'AllDays',16,'All'),(904,'Day',16,'Day'),(905,'Value',16,'Value'),(906,'External',16,'External'),(907,'MessageSiegersAssaulting',17,'Sieging {0} from {1} are assaulting the colony.'),(908,'MessageRaidersBeginningAssault',17,'{0} from {1} are beginning their assault.'),(909,'MessageRaidersDetectedEarlyAssault',17,'{0} from {1} have detected you and begun their assault early.'),(910,'MessageRaidersKidnapping',17,'{0} from {1} have decided to kidnap who they can and leave.'),(911,'MessageRaidersLeaving',17,'{0} from {1} are leaving.'),(912,'MessageRaidersGivenUpLeaving',17,'{0} from {1} have given up and are leaving.'),(913,'MessageRaidersSatisfiedLeaving',17,'{0} from {1} are satisfied with the damage done and are leaving.'),(914,'MessageFightersFleeing',17,'{0} from {1} are fleeing.'),(915,'MessageFriendlyFightersLeaving',17,'Friendly {0} from {1} are leaving.'),(916,'MessageShipHasLeftCommsRange',17,'{0} has left comms range.'),(917,'MessageNeedBeaconToTradeWithShip',17,'You need an orbital trade beacon to trade with a ship.'),(918,'MessageBillComplete',17,'Bill complete: {0}.'),(919,'MessageFullyHealed',17,'{0} is fully healed.'),(920,'MessagePrisonerIsEscaping',17,'Prisoner {0} is escaping.'),(921,'MessageRecruitSuccess',17,'{0} successfully recruited {1} ({2} chance).'),(922,'MessageRecruitFail',17,'{0} failed to recruit {1} ({2} chance).'),(923,'MessageRecruitFailBecauseLoyalty',17,'{0} failed to recruit {1} (prisoner below loyalty threshold).'),(924,'MessagePoorlyTreated',17,'{1} treated {0} (poor quality, {2} chance of good quality).'),(925,'MessageWellTreated',17,'{1} treated {0} (good quality, {2} chance of good quality).'),(926,'MessageTraderCannotAfford',17,'Trader cannot afford this deal.'),(927,'MessageColonyCannotAfford',17,'The colony cannot afford this deal.'),(928,'MessageColonyNotEnoughSilver',17,'You do not have enough silver ready to trade.'),(929,'MessageTraderNotEnoughSilver',17,'Trader does not have enough silver.'),(930,'MessageCriticalAlert',17,'Critical alert: {0}'),(931,'MessageMustDesignateHarvestable',17,'Must designate harvestable sufficiently-grown plants.'),(932,'MessageMustDesignateHarvestableWood',17,'Must designate wood-yielding, sufficiently-grown trees.'),(933,'MessageMustDesignatePlants',17,'Must designate plants.'),(934,'MessageMustDesignateHaulable',17,'Must designate haulable items.'),(935,'MessageNoMedicalBeds',17,'There are no medical beds available.'),(936,'PawnDiedBecauseOf',17,'{0} has died because of {1}.'),(937,'MessageNoLongerDowned',17,'{0} is no longer incapable of walking.'),(938,'Autosaving',18,'Autosaving'),(939,'GameStartDialog',18,'The three of you awake in your cryptosleep sarcophagi to the sound of sirens and ripping metal. You barely get to the escape pods before the ship is torn apart.\n\nSome time later, you land on this unknown rimworld.\n\nAs pieces of the shredded starship fall around you, you start making plans to survive.'),(940,'Colony',18,'Colony'),(941,'ChangeLanguageFromMainMenu',18,'You can only change language from the options screen on the main menu.'),(942,'AndLower',18,'and'),(943,'DisabledLower',18,'disabled'),(944,'CloseButton',18,'Close'),(945,'VersionIndicator',18,'Version {0}'),(946,'DevelopmentBuildLower',18,'development build'),(947,'CompiledOn',18,'Compiled {0}'),(948,'MeatLabel',18,'{0} meat'),(949,'MeatDesc',18,'Raw flesh of a {0}.'),(950,'LeatherLabel',18,'{0} leather'),(951,'LeatherDesc',18,'Leather made from the skin of a {0}.'),(952,'CorpseLabel',18,'{0} corpse'),(953,'CorpseDesc',18,'Dead body of a {0}.'),(954,'DeadLabel',18,'{0} (dead)'),(955,'BlueprintLabelExtra',18,'(blueprint)'),(956,'FrameLabelExtra',18,'(building)'),(957,'ThingMadeOfStuffLabel',18,'{0} {1}'),(958,'VariousLabel',18,'(various)'),(959,'ColonistDied',18,'Colonist died'),(960,'Overview',19,'Overview'),(961,'OverviewTip',19,'Manage colony work priorities and statistics.'),(962,'ResearchTip',19,'Examine and decide on research projects.'),(963,'Wiki',19,'Wiki'),(964,'WikiTip',19,'Opens Web browser to see the RimWorld wiki and get help playing.'),(965,'Menu',19,'Menu'),(966,'MenuTip',19,'Save, load, or quit the game, or change options.'),(967,'Architect',19,'Architect'),(968,'Prohis',20,'his'),(969,'Proher',20,'her'),(970,'ProhisCap',20,'His'),(971,'ProherCap',20,'Her'),(972,'ProhimObj',20,'him'),(973,'ProherObj',20,'her'),(974,'ProhimObjCap',20,'Him'),(975,'ProherObjCap',20,'Her'),(976,'Prohe',20,'he'),(977,'Proshe',20,'she'),(978,'ProheCap',20,'He'),(979,'ProsheCap',20,'She'),(980,'Level',21,'Level'),(981,'ProgressToNextLevel',21,'Progress to next level'),(982,'Passion',21,'Passion'),(983,'PassionNone',21,'None (learns {0}x)'),(984,'PassionMinor',21,'Interested (learns {0}x)'),(985,'PassionMajor',21,'Burning (learns {0}x)'),(986,'EffectsAtLevel',21,'Effects at level {0}'),(987,'SkillMax',21,'MAX'),(988,'Skill0',21,'Incapable'),(989,'Skill1',21,'Incompetent'),(990,'Skill2',21,'Basic awareness'),(991,'Skill3',21,'Basic familiarity'),(992,'Skill4',21,'Amateur'),(993,'Skill5',21,'Strong amateur'),(994,'Skill6',21,'Practitioner'),(995,'Skill7',21,'Skilled practitioner'),(996,'Skill8',21,'Professional'),(997,'Skill9',21,'Skilled professional'),(998,'Skill10',21,'Expert'),(999,'Skill11',21,'Strong expert'),(1000,'Skill12',21,'Very strong expert'),(1001,'Skill13',21,'Master'),(1002,'Skill14',21,'Strong master'),(1003,'Skill15',21,'Planet-class master'),(1004,'Skill16',21,'System-class master'),(1005,'Skill17',21,'Revered master'),(1006,'Skill18',21,'Visionary'),(1007,'Skill19',21,'Legendary'),(1008,'Skill20',21,'Godlike'),(1009,'WorkTagNone',22,'None'),(1010,'WorkTagIntellectual',22,'Intellectual'),(1011,'WorkTagManualDumb',22,'Dumb labor'),(1012,'WorkTagManualSkilled',22,'Skilled labor'),(1013,'WorkTagViolent',22,'Violent'),(1014,'WorkTagCaring',22,'Caring'),(1015,'WorkTagSocial',22,'Social'),(1016,'WorkTagScary',22,'Scary'),(1017,'WorkTagArtistic',22,'Artistic'),(1018,'WorkTagCrafting',22,'Crafting'),(1019,'WorkTagCooking',22,'Cooking'),(1020,'WorkTagFirefighting',22,'Firefighting'),(1021,'WorkTagCleaning',22,'Cleaning'),(1022,'WorkTagHauling',22,'Hauling'),(1023,'WorkTagPlantWork',22,'Plant work'),(1024,'WorkTagMining',22,'Mining');
/*!40000 ALTER TABLE `strings` ENABLE KEYS */;
UNLOCK TABLES;

--
-- Table structure for table `translations`
--

DROP TABLE IF EXISTS `translations`;
/*!40101 SET @saved_cs_client     = @@character_set_client */;
/*!40101 SET character_set_client = utf8 */;
CREATE TABLE `translations` (
  `id` int(10) unsigned NOT NULL AUTO_INCREMENT,
  `language_id` int(10) unsigned NOT NULL,
  `string_name` varchar(50) NOT NULL,
  `translated_string` mediumtext NOT NULL,
  PRIMARY KEY (`id`),
  UNIQUE KEY `string_name_unique` (`language_id`,`string_name`),
  KEY `string_name` (`string_name`),
  KEY `language_name` (`language_id`)
) ENGINE=InnoDB AUTO_INCREMENT=154 DEFAULT CHARSET=utf8;
/*!40101 SET character_set_client = @saved_cs_client */;

--
-- Dumping data for table `translations`
--

LOCK TABLES `translations` WRITE;
/*!40000 ALTER TABLE `translations` DISABLE KEYS */;
INSERT INTO `translations` VALUES (1,3,'ClickToJumpToProblem',''),(2,32,'MonthFullJanuary','一月'),(3,32,'MonthFullFebruary','二月'),(4,7,'ClickToJumpToProblem','Paina hypätäksesi ongelmaan'),(5,5,'ClickToJumpToProblem','Cliquez pour voir le problème.'),(6,3,'AlertNeedStockpile','Lager benötigt'),(9,32,'ClickToJumpToProblem','跳到問題所在'),(10,32,'AlertNeedStockpile','需要儲存區'),(11,11,'AlertNeedStockpile','Potrzebne miejsce magazynowe'),(12,11,'AlertNeedStockpileDesc','Twoi koloniści potrzebują miejsca magazynowego do przechowywania rzeczy. Wyznacz MAGAZYN, aby je tam znosili.\r\n\r\nZnajdź miejsce magazynowe w sekcji STREFY menu BUDOWY w lewym-dolnym rogu ekranu.'),(13,11,'AlertUnforbidStartingResourcesDesc','Zbieranie surowców startowych na mapie jest domyślnie ZABRONIONE dla kolonistów.\r\n\r\nŻeby twoi koloniści je zbierali, musisz dać ZEZWOLENIE na zbieranie poprzez zaznaczenie ich i kliknięcie przycisku ZEZWÓL na dole ekranu.'),(14,11,'AlertEquipStartingWeapons','Wyposaż w bronie'),(15,11,'AlertEquipStartingWeaponsDesc','Twoi koloniści dotarli na miejsce wraz z bronią. Wyposaż się w nią!\r\n\r\nZaznacz każdego kolonistę z osobna i kliknij PPM na broń, aby się w nią wyposażyć.'),(16,11,'NeedSawmill','Potrzeba tartaku'),(17,11,'NeedSawmillDesc','Potrzebujesz tartaku, aby przerobić kłody na deski. \r\n\r\nZbuduj TARTAK RĘCZNY lub TARTAK ELEKTRYCZNY.'),(18,11,'AlertUnforbidStartingResources','Surowce zezwolone do zbierania.'),(19,11,'EquipStartingEquipment','Weź swój ekwipunek'),(20,11,'ClickToJumpToProblem','Kliknij, aby przeskoczyć do problemu'),(21,11,'MentalBreakSoon','Załamanie psychiczne wkrótce'),(22,11,'MentalBreakImminent','Załamanie psychiczne tuż-tuż'),(23,11,'MentalBreakImminentDesc','Ci koloniści są bardzo zestresowani i może u nich dojść do załamania w każdej chwili:\r\n\r\n{0}'),(24,11,'ColonistNeedsRescue','Koloniści potrzebują ratunku'),(26,11,'ColonistsNeedRescue','Koloniści potrzebują ratunku'),(27,11,'EquipStartingEquipmentDesc','Wylądowałeś wraz z bronią. Zabierz ją ze strefy lądowania. \r\n\r\nAby się w coś wyposażyć, wybierz kolonistę i kliknij PPM przedmiot docelowy.'),(28,11,'BuildARoom','Zbuduj pokój'),(29,11,'BuildARoomDesc','Pokój jest złożony z oddzielnych części ścian z drzwiami. \r\n\r\nUżyj menu BUDOWY w lewym-dolnym rogu ekranu aby wyznaczyć, gdzie chcesz coś zbudować. Gdy już wyznaczysz coś do zbudowania, twoi koloniści będą nad tym pracować według możliwości.'),(30,11,'NeedGrowingZone','Potrzebne miejsce sadzenia'),(31,11,'NeedGrowingZoneDesc','Nie masz żadnych miejsc sadzenia.\r\n\r\nWyznacz miejsce sadzenia na żyznej ziemi przez menu BUDOWY.'),(32,11,'NeedDefenses','Potrzebna obrona'),(33,11,'NeedDefensesDesc','Jesteś już tu jakiś czas i prawdopodobnie cię widziano. Najazdy piratów zaczną się już niedługo.\r\n\r\nPowinieneś przygotować obronę.\r\n\r\nZbuduj parę wieżyczek.'),(34,11,'MentalBreakSoonDesc','Następujący koloniści zbliżają się do załamania nerwowego:\r\n\r\n{0}\r\nPopraw ich samopoczucie albo będzie źle.'),(35,11,'NeedDoctor','Potrzebny lekarz'),(36,11,'NeedMiner','Potrzebny górnik'),(37,11,'ColonistsNeedRescueDesc','Ci koloniści leżą nieprzytomni:\r\n\r\n{0}\r\nWyślij kogoś na ratunek aby zabrał ich z powrotem do łóżka.\r\n\r\n(Aby to zrobić, zaznacz innego kolonistę, kliknij prawy przycisk na potrzebującym pomocy i wybierz Uratuj)'),(38,11,'NeedDoctorDesc','Ci koloniści potrzebują pomocy medycznej, ale żaden zdrowy kolonista nie został wybrany na stanowisko lekarza:\r\n\r\n{0}\r\nPrzypisz zdrowego kolonistę na stanowisko lekarza.\r\nNieleczone rany grożą trwałym uszczerbkiem na zdrowiu.'),(39,11,'NeedMinerDesc','Kilka skał zostało wyznaczonych do wydobycia, ale żaden nie ma kolonisty na stanowisku górnika.\r\n\r\nPrzypisz kolonistę na stanowisko górnika.'),(40,11,'NeedWarden','Potrzebny strażnik'),(41,11,'NeedWardenDesc','Masz więźnia, ale żaden kolonista nie znajduje się na stanowisku strażnika.\r\n\r\nPrzypisz kolonistę na stanowisko strażnika.'),(42,11,'LowFood','Mała ilość jedzenia'),(43,11,'LowFoodDesc','Masz tylko {0} sztuk pożywienia w magazynie. To niebezpiecznie mało.\r\n\r\nWyhoduj, kup, znajdź lub upoluj więcej pożywienia.'),(44,11,'NeedColonistBeds','Potrzeba łóżek dla kolonistów'),(45,11,'NeedColonistBedsDesc','Masz więcej kolonistów niż łóżek dla nich. Komuś może braknąć miejsca do spania.\r\n\r\nZrób więcej łóżek lub zamień łóżko więźnia w łóżko dla kolonisty.\r\n\r\nJeśli nie masz środków by tego dokonać, miejsca do spania nie wymagają materiałów i mogą być rozmieszczone natychmiastowo.'),(46,11,'Starvation','Głód'),(47,11,'StarvationDesc','Ci koloniści głodują:\r\n\r\n{0}\r\nNakarm ich. Będziesz potrzebował żywności oraz urządzenia do jej przetworzenia, jak dozownik pasty odżywczej. Upewnij się również, że koloniści nie są na służbie.'),(48,11,'Exhaustion','Wyczerpanie'),(49,11,'ExhaustionDesc','Ci koloniści są wyczerpani i potrzebują odpoczynku:\r\n\r\n{0}\r\nZapewnij im odpoczynek. Będą potrzebowali łóżka dla kolonistów. Upewnij się również, że koloniści nie są na służbie.'),(50,11,'NeedFoodHopper','Potrzebujesz pojemnika'),(51,11,'NeedFoodHopperDesc','Posiadasz dozownik pasty odżywczej bez pojemnika na żywność.\r\n\r\nAby działać, dozownik potrzebuje pojemnika na żywność z surową żywnością.\r\n\r\nWybuduj pojemnik na żywność tuż obok dozownika pasty odżywczej.'),(52,11,'BuildingNeedsPower','Budynek potrzebuje zasilania'),(53,11,'BuildingsNeedPower','Budynki potrzebują zasilania'),(54,11,'BuildingsNeedPowerDesc','Następujące budynki są całkowicie odłączone od źródeł prądu:\r\n\r\n{0}\r\nPodłącz je do zasilania.'),(55,11,'AndMore','i więcej'),(56,11,'NeedMealSource','Potrzebujesz źródła pokarmu'),(57,11,'NeedMealSourceDesc','Nie posiadasz niczego do produkcji porządnego jedzenia.\r\n\r\nWybuduj dozownik pasty odżywczej lub kuchenkę.\r\n\r\n(Nie mogą się znajdować w celi więziennej, ponieważ wtedy koloniści nie mogą z nich korzystać.)'),(58,11,'NeedHomeRegion','Potrzebujesz obszaru domu'),(59,11,'NeedHomeRegionDesc','Potrzebujesz OBSZARU DOMU, gdzie koloniści będą sprzątać, gasić pożary i naprawiać sprzęt.\r\n\r\nObszar domu znajdziesz w menu ARCHITEKT w sekcji OBSZARY.'),(60,11,'NeedBatteries','Potrzebujesz baterii'),(61,11,'NeedBatteriesDesc','Posiadasz tylko panele słoneczne bez baterii. Oznacza to, że zasilanie nie będzie działać po zmroku.\r\n\r\nWybuduj jedną albo więcej baterii aby przechowywać prąd i wykorzystywać go w nocy.'),(62,11,'NoTradingCapacity','Brak możliwości handlu'),(63,11,'NoTradingCapacityDesc','Nie masz możliwości handlowania z pobliskimi statkami.\r\n\r\nWybuduj konsolę łączności.'),(64,11,'NeedResearchProject','Potrzebujesz projektu do badań'),(65,11,'NeedResearchProjectDesc','Wybudowałeś stół do badań, nie wybrałeś jednak projektu do realizacji.\r\n\r\nOtwórz menu badań i wybierz projekt.'),(66,11,'NeedDump','Potrzebujesz wysypiska'),(67,11,'NeedDumpDesc','Wyznaczyłeś {0} do przeniesienia, ale nie ma odpowiedniego składowiska.\r\n\r\nWyznacz składowisko i ustaw, aby przyjmowało {0}.'),(68,11,'NeedGrave','Potrzeba grobu'),(69,11,'NeedGraveDesc','W koloni znajduje się ciało, ale nie ma go gdzie pochować.\r\n\r\nWybuduj grób lub wysypisko i ustaw, aby przyjmowały ciała.'),(70,11,'ColonistsIdle','{0} osoby bezczynne'),(71,11,'ColonistsIdleDesc','Następujący koloniści nic nie robią:\r\n\r\n{0}\r\nPowinieneś znaleźć im coś produktywnego do pracy.'),(72,11,'HaltedConstructions','{0} konstrukcjom brakuje materiałów'),(73,11,'HaltedConstructionsDesc','Tym konstrukcjom brakuje materiałów:\r\n\r\n{0}\r\nPowinieneś udostępnić wymagane surowce kolonistom.'),(74,11,'TableNeedsChairs','Stół potrzebuje krzeseł'),(75,11,'TableNeedsChairsDesc','Posiadasz stół bez krzeseł znajdujących się obok. Stoły są bezużyteczne, dopóki nie można przy nich usiąść.'),(76,11,'ColonistNeedsTreatment','Kolonista potrzebuje leczenia'),(77,11,'ColonistNeedsTreatmentDesc','Następujący koloniści potrzebują leczenia. Bez niego mogą umrzeć od otrzymanych ran lub mogą one stać się nie do wyleczenia.\r\n\r\n{0}\r\nWylecz ich wysyłając do szpitalnego łóżka.\r\n\r\n(Najpierw oznacz łóżko jako szpitalne, następnie wybierz rannego osadnika i naciśnij prawym przyciskiem myszy na łóżko szpitalne.)'),(78,11,'ColonistsAwaitingMedicalOperation','{0} kolonistów czeka na operację chirurgiczną'),(79,11,'ColonistsAwaitingMedicalOperationDesc','Ci koloniści czekają na operację:\r\n\r\n{0}\r\nUpewnij się, że masz dostępne medykamenty i wolnego doktora.'),(80,11,'PawnsWithLifeThreateningDisease','Ciężka choroba'),(81,11,'PawnsWithLifeThreateningDiseaseDesc','Ci koloniści mogą umrzeć z powodu śmiertelnej choroby:\r\n\r\n{0}\r\nUpewnij się, że otrzymują tyle opieki lekarskiej ile to możliwe.'),(82,11,'PawnsWithLifeThreateningDiseaseAmputationDesc','Ci koloniści mogą umrzeć z powodu ciężkiej choroby:\r\n\r\n{0}\r\nJeśli to możliwe, rozważ amputację lub instalację protezy chorej kończyny, by utrzymać kolonistów przy życiu.'),(83,11,'ConceptText_MoveCamera','Przesuwaj kamerę poprzez naciśnięcie i poruszanie ŚRODKOWYM PRZYCISKIEM MYSZY lub za pomocą klawiszy WASD.'),(84,11,'ConceptText_RescueColonist','Aby uratować rannego kolonistę, wybierz zdrowego kolonistę, a następnie kliknij na rannego prawym przyciskiem myszy i wybierz Uratuj.'),(85,11,'ConceptText_Capture1','Wróg jest nieprzytomny. Możesz go wziąć do niewoli!'),(86,11,'ConceptText_Capture2','Aby wziąć do niewoli, wybierz kolonistę, kliknij prawym przyciskiem myszy na nieprzytomnego wroga i wybierz Weź do niewoli.\r\n\r\nBędziesz potrzebował do tego wolnego łózka oznaczonego jako do użytku więźniów.'),(87,11,'ConceptText_Draft1','Aby kontrolować bezpośrednio działania kolonistów, powołaj ich do służby wojskowej poprzez wybranie kolonisty i naciśnięcie przycisku Służba.'),(88,11,'ConceptText_Draft2','Kolonista na służbie będzie robił tylko to, co mu każesz, ale możesz wykonywać tylko akcje militarne. Koloniści posiadający broń będą jej używać, gdy to tylko możliwe.\r\n\r\nNie zostawiaj kolonistów na służbie zbyt długo - staną się nieszczęśliwi przez głód i wycieńczenie.'),(89,11,'ConceptText_Forbid','Koloniści nie będą używać przedmiotów oznaczonych jako ZABRONIONE.\r\n\r\nWybierz żywność i metal znajdujące się niedaleko miejsca lądowania i naciśnij klawisz F aby ZEZWOLIĆ na ich używanie.'),(90,11,'ConceptText_BillsTab','Aby kolonista rozpoczął pracę przy stole, wybierz ten stół, a następnie przejdź do zakładki Zlecenia. Możesz tam wybrać jakie dania mają być gotowane, jakie rzeczy tworzone lub jakie stworzenia ćwiartowane.'),(91,11,'ConceptText_GrowingFood','Aby uprawiać rośliny, wybierz POLA UPRAWNE używając menu Architekt.\r\n\r\nMogą być ustawione tylko na żyznej glebie.'),(92,11,'ConceptText_BuildOrbitalTradeBeacon','Wskazówka:\r\n\r\nAby wysyłać przedmioty lub srebro do handlarzy na orbicie, musisz wybudować NADAJNIK HANDLU ORBITALNEGO na zewnątrz i utworzyć składowisko blisko niego.'),(93,11,'ConceptText_ReadingAlerts','Jeżeli nie jesteś pewien, czym się zająć w następnej kolejności, sprawdź ALERTY z prawej strony ekranu.'),(94,11,'ConceptText_CameraZoom','Przybliż lub oddal widok używając KÓŁKA MYSZY lub klawiszy T i G.'),(95,11,'ConceptText_TimeControls','Możesz przyśpieszyć, spowolnić lub zatrzymać czas używając przycisków w prawym dolnym rogu ekranu.'),(96,11,'ConceptText_PrisonerTab','Zajrzyj do zakładki \\\'Więzień\\\' po kliknięciu w więźnia, aby sprawdzić, jak będzie on traktowany.\r\n\r\nBędziesz potrzebował kolonisty wykonującego pracę Strażnika, aby zająć się więźniami.'),(97,31,'AlertNeedStockpile',''),(102,30,'ClickToJumpToProblem',''),(103,5,'AlertNeedStockpile',''),(104,8,'ClickToJumpToProblem','Clicca per visualizzare il problema'),(105,8,'AlertNeedStockpile','Serve una Riserva'),(106,8,'AlertNeedStockpileDesc','I vostri coloni hanno bisogno di un posto per depositare gli oggetti. Designare una riserva.\r\n\r\nTrova la riserva nella sezione ZONE del menu ARCHITETTO in basso a sinistra.'),(107,8,'AlertUnforbidStartingResources','Risorsa bloccata'),(108,8,'AlertUnforbidStartingResourcesDesc','Risorse di partenza sulla mappa sono bloccati.\r\n\r\nPer far si che i coloni li prenderono, li devi SBLOCCARE selezionandoli e premendo il comando SBLOCCA nella parte inferiore dello schermo.'),(109,8,'AlertEquipStartingWeapons','Equipaggia Armi'),(110,8,'AlertEquipStartingWeaponsDesc','I vostri coloni sono arrivati con alcune armi. Equipaggiale!\r\n\r\nSelezionare un colono e fare clic destro su l\\\'arma che si desidera dare.'),(111,8,'NeedSawmill','Necessità segheria'),(112,8,'NeedSawmillDesc','Avete bisogno di un qualche tipo di sega per tagliare tronchi in tavole di legno più versatili.\r\n\r\nCostruisci una SEGA o una SEGA ELETTRICA'),(113,8,'EquipStartingEquipment','Prendete il vostro equipaggiamento'),(114,8,'EquipStartingEquipmentDesc','Voi siete atterrati con alcune armi. Prendetele dal sito di atterraggio.\r\n\r\nPer equipaggiare qualcosa, selezionare un colono e click destro del mouse sull\\\'oggetto che si desidera equipaggiare.'),(115,8,'MentalBreakSoon','Crisi a breve'),(116,8,'MentalBreakSoonDesc','Questi coloni si stanno avvicinando al punto di avere una crisi:\r\n\r\n{0}\r\nMigliorare la soddisfazione di questi coloni presto o accadranno brutte cose.'),(117,8,'MentalBreakImminent','Crisi Imminente'),(118,8,'MentalBreakImminentDesc','Questi coloni sono stressati e possono avere una crisi in qualsiasi momento:\r\n\r\n{0}'),(119,8,'ColonistNeedsRescue','Colone ha bisogno di aiuto'),(120,8,'ColonistsNeedRescue','Coloni hanno bisogno di aiuto'),(121,8,'ColonistsNeedRescueDesc','Questi coloni sono per terra inabili :\r\n\r\n{0}\r\nInviare un altro colono per salvarli e portarli di nuovo a letto.\r\n\r\n(Per salvare, selezionare un altro colono, quindi fare clic destro sulla vittima e selezionare Salvare.)'),(122,8,'BuildARoom','Costruisci una stanza'),(123,8,'BuildARoomDesc','Una stanza è composta da pezzi di muro separate con una porta.\r\n\r\nUtilizza il menu ARCHITETTO in basso a sinistra dello schermo per indicare dove si vuole costruire. Una volta designato qualcosa da costruire, i vostri coloni faranno il lavoro quando possono.'),(124,8,'NeedGrowingZone','Bisogna zona agrigola'),(125,8,'NeedGrowingZoneDesc','Non hai zona agricola.\r\n\r\nMettere una zona agrigola sul suolo fertile attraverso il menu ARCHITETTO.'),(126,8,'NeedDefenses','Non hai difese'),(127,8,'NeedDoctor','Serve dottore'),(128,8,'NeedMiner','Serve Minatore'),(129,8,'NeedDefensesDesc','Sei qui da un po \\\'di tempo e, probabilmente, sei stato visto. Le Incursioni dei pirati inizieranno presto.\r\n\r\nSi dovrebbe preparare le difese.\r\n\r\nCostruire alcune torrette.'),(130,8,'NeedDoctorDesc','Questi coloni hanno bisogno di cure mediche, ma non hai coloni sani assegnati come medici.\r\n\r\n{0}\r\nAssegnare un colono sano per il tipo di lavoro dottore. Se non curata, le ferite non possono mai guarire correttamente e può diventare permanente.'),(131,8,'NeedMinerDesc','Hai designato alcune rocce di essere estratti, ma non colono ha il tipo di lavoro di data mining.\r\n\r\nAssegnare un colono al tipo di lavoro Minare.'),(132,8,'NeedWarden','bisogna guardiano'),(133,8,'NeedWardenDesc','Hai un prigioniero, ma non colono ha il tipo di lavoro Guardiano.\r\n\r\nAssegnare un colono il tipo di lavoro Guardiano.'),(134,8,'LowFood','Poco Cibo'),(135,8,'LowFoodDesc','Hai solo {0} di cibo in deposito. Questo è pericolosamente basso.'),(136,8,'NeedColonistBeds','Hai bisogno di letti'),(137,8,'Starvation','Fame'),(138,8,'Exhaustion','Esausto'),(139,8,'NeedColonistBedsDesc','Hai più coloni che letti. Qualcuno mancherà un posto per dormire.\r\n\r\nO fare più letti, o cambiare un letto prigioniero in un letto colono.\r\n\r\nSe non si hanno le risorse, posto per dormire sono gratuiti e possono essere collocati immediatamente.'),(140,8,'StarvationDesc','Questi coloni stanno morendo di fame:\r\n\r\n{0}\r\nOttenere loro del cibo. Avrete bisogno di una fonte di cibo come un distributore di pasta nutrienti e del cibo per alimentarlo.'),(141,8,'ExhaustionDesc','Questi coloni sono esausti e bisogno di riposo:\r\n\r\n{0}\r\nFarli riposare. Avranno bisogno di un letto contrassegnato per l\\\'uso colono. Inoltre, assicurarsi che non stanno in combattimento.'),(142,8,'NeedFoodHopper','Hai bisogno di tramoggia'),(143,8,'NeedFoodHopperDesc','Si dispone di un distributore di nutrienti senza tramoggia accanto ad essa.\r\n\r\nPer lavorare, pasta distributori automatici devono trarre da una tramoggia adiacente pieno di cibi crudi.\r\n\r\nCostruire una tramoggia adiacente al dispensatore.'),(144,8,'BuildingNeedsPower','Edificio ha bisogno di corrente'),(145,8,'BuildingsNeedPower','Edifici hanno bisogno di corrente'),(146,8,'AndMore','e altro'),(147,8,'BuildingsNeedPowerDesc','Questi edifici sono totalmente scollegati da tutte le possibili fonti di alimentazione:\r\n\r\n{0}\r\nCollegarli a un generatore di corrente o batteria.'),(148,8,'NeedMealSource','Bisogno fonte di cibo'),(149,8,'NeedHomeRegion','Bisogno regione domestica'),(150,8,'NeedBatteries','Bisogna batterie'),(151,8,'NeedMealSourceDesc','Non hai modo di preparare pasti adeguati dal cibo crudo.\r\n\r\nCostruire un distributore di pasta nutritiva o un fornello.\r\n\r\n(Non può essere in una cella di prigione, altrimenti coloni non possono utilizzarlo.)'),(152,8,'NeedHomeRegionDesc','È necessario definire un Regione domestica dove i coloni puliranno, spegneranno gli incendi, e ripareranno le cose.\r\n\r\nDefinire una regione casa utilizzando la sezione ZONE del menu ARCHITETTO.'),(153,8,'NeedBatteriesDesc','Hai solo generatori solari e batterie. Ciò significa che si perde l\\\'energia ogni volta che fa notte.\r\n\r\nCostruire una batteria o due per ottenere energia durante la notte.');
/*!40000 ALTER TABLE `translations` ENABLE KEYS */;
UNLOCK TABLES;
/*!40103 SET TIME_ZONE=@OLD_TIME_ZONE */;

/*!40101 SET SQL_MODE=@OLD_SQL_MODE */;
/*!40014 SET FOREIGN_KEY_CHECKS=@OLD_FOREIGN_KEY_CHECKS */;
/*!40014 SET UNIQUE_CHECKS=@OLD_UNIQUE_CHECKS */;
/*!40101 SET CHARACTER_SET_CLIENT=@OLD_CHARACTER_SET_CLIENT */;
/*!40101 SET CHARACTER_SET_RESULTS=@OLD_CHARACTER_SET_RESULTS */;
/*!40101 SET COLLATION_CONNECTION=@OLD_COLLATION_CONNECTION */;
/*!40111 SET SQL_NOTES=@OLD_SQL_NOTES */;

-- Dump completed on 2015-03-19  9:48:41
